Ano base	Cod PPG	Nome PPG	Área Básica	IES Principal Sigla	IES Principal Nome	IES da Rede Sigla	Status Jurídico	UF	Região	PPG Ano Início	Modalidade	Mudança de modalidade no quadriênio?	Nota/ conceito	Nível	Ano Início Nível	Sofreu migração no quadriênio?	Total	Permanentes	Colaboradores	Visitantes	Total Distinto	"Mestrado
(ME)"	"Doutorado
(DO)"	"Total Geral
(ME+DO)"	Matrícula Anterior ao Ano Base	Ingressante 	Titulado	Abandono	Desligado	Mud. Nível sem Defesa	Matriculado	Matrícula Anterior ao Ano Base	Ingressante 	Titulado	Abandono	Desligado	Matriculado	Desligado/Matriculado	Abandono/Matriculado	Titulado/Matriculado	Matriculado/DP	Titulado/DP	Desligado/Matriculado	Abandono/Matriculado	Titulado/Matriculado	Matriculado/DP	Titulado/DP	Matriculado/DP	Titulado/DP	Matriculado/Total Docentes	Titulado/Total Docentes	ID_ADD_FOTO_PROGRAMA_IES_PRINC	ID_ADD_FOTO_PROGRAMA	Tipo de Clientela
2019	11001011072P2	CIÊNCIA DA COMPUTAÇÃO	CIÊNCIA DA COMPUTAÇÃO	UFAC	UNIVERSIDADE FEDERAL DO ACRE		FEDERAL	AC	NORTE	2018	ACADÊMICO	NÃO	A	MESTRADO	2018	NÃO	13	13	0	0	15	15	0	15	0	15	0	1	1	0	13	0	0	0	0	0	0	0.08	0.08	0	1	0				0	0	1	0	1	0	173411	106959	AVALIAÇÃO
2020	11001011072P2	CIÊNCIA DA COMPUTAÇÃO	CIÊNCIA DA COMPUTAÇÃO	UFAC	UNIVERSIDADE FEDERAL DO ACRE		FEDERAL	AC	NORTE	2018	ACADÊMICO	NÃO	A	MESTRADO	2018	NÃO	13	13	0	0	29	29	0	29	13	16	0	0	0	0	29	0	0	0	0	0	0	0	0	0	2.23	0				0	0	2.23	0	2.23	0	197114	129568	AVALIAÇÃO
2017	12001015012P2	INFORMÁTICA	CIÊNCIA DA COMPUTAÇÃO	UFAM	UNIVERSIDADE FEDERAL DO AMAZONAS		FEDERAL	AM	NORTE	2001	ACADÊMICO	NÃO	5	MESTRADO/DOUTORADO	2001/2008	NÃO	24	24	0	0	198	111	92	203	79	32	25	4	4	0	78	79	13	12	0	1	79	0.05	0.05	0.32	3.25	1.04	0.01	0	0.15	3.29	0.5	6.54	1.54	6.54	1.54	172714	106397	AVALIAÇÃO
2018	12001015012P2	INFORMÁTICA	CIÊNCIA DA COMPUTAÇÃO	UFAM	UNIVERSIDADE FEDERAL DO AMAZONAS		FEDERAL	AM	NORTE	2001	ACADÊMICO	NÃO	5	MESTRADO/DOUTORADO	2001/2008	NÃO	26	25	1	0	204	114	96	210	78	36	26	2	9	0	77	79	17	8	0	1	87	0.12	0.03	0.34	3.08	1.04	0.01	0	0.09	3.48	0.32	6.56	1.36	6.31	1.31	172741	106414	AVALIAÇÃO
2019	12001015012P2	INFORMÁTICA	CIÊNCIA DA COMPUTAÇÃO	UFAM	UNIVERSIDADE FEDERAL DO AMAZONAS		FEDERAL	AM	NORTE	2001	ACADÊMICO	NÃO	5	MESTRADO/DOUTORADO	2001/2008	NÃO	28	26	2	0	203	107	105	212	77	30	27	3	6	0	71	87	18	12	2	12	79	0.08	0.04	0.38	2.73	1.04	0.15	0.03	0.15	3.04	0.46	5.77	1.5	5.36	1.39	172742	106415	AVALIAÇÃO
2020	12001015012P2	INFORMÁTICA	CIÊNCIA DA COMPUTAÇÃO	UFAM	UNIVERSIDADE FEDERAL DO AMAZONAS		FEDERAL	AM	NORTE	2001	ACADÊMICO	NÃO	5	MESTRADO/DOUTORADO	2001/2008	NÃO	28	23	5	0	189	102	90	192	68	34	13	8	1	0	80	76	14	12	5	3	70	0.01	0.1	0.16	3.48	0.57	0.04	0.07	0.17	3.04	0.52	6.52	1.09	5.36	0.89	199536	131738	AVALIAÇÃO
2017	15001016047P9	CIÊNCIA DA COMPUTAÇÃO	CIÊNCIA DA COMPUTAÇÃO	UFPA	UNIVERSIDADE FEDERAL DO PARÁ		FEDERAL	PA	NORTE	2005	ACADÊMICO	NÃO	4	MESTRADO/DOUTORADO	2005/2015	NÃO	20	18	2	0	103	83	22	105	51	32	14	2	6	0	61	17	5	1	0	0	21	0.1	0.03	0.23	3.39	0.78	0	0	0.05	1.17	0.06	4.56	0.83	4.1	0.75	169316	103166	AVALIAÇÃO
2018	15001016047P9	CIÊNCIA DA COMPUTAÇÃO	CIÊNCIA DA COMPUTAÇÃO	UFPA	UNIVERSIDADE FEDERAL DO PARÁ		FEDERAL	PA	NORTE	2005	ACADÊMICO	NÃO	4	MESTRADO/DOUTORADO	2005/2015	NÃO	23	20	3	0	116	91	29	120	61	30	26	2	10	0	53	21	8	0	0	1	28	0.19	0.04	0.49	2.65	1.3	0.04	0	0	1.4	0	4.05	1.3	3.52	1.13	169341	103185	AVALIAÇÃO
2019	15001016047P9	CIÊNCIA DA COMPUTAÇÃO	CIÊNCIA DA COMPUTAÇÃO	UFPA	UNIVERSIDADE FEDERAL DO PARÁ		FEDERAL	PA	NORTE	2005	ACADÊMICO	NÃO	4	MESTRADO/DOUTORADO	2005/2015	NÃO	23	20	3	0	119	86	37	123	53	33	19	3	5	0	59	28	9	5	0	0	32	0.08	0.05	0.32	2.95	0.95	0	0	0.16	1.6	0.25	4.55	1.2	3.96	1.04	169388	103205	AVALIAÇÃO
2020	15001016047P9	CIÊNCIA DA COMPUTAÇÃO	CIÊNCIA DA COMPUTAÇÃO	UFPA	UNIVERSIDADE FEDERAL DO PARÁ		FEDERAL	PA	NORTE	2005	ACADÊMICO	NÃO	4	MESTRADO/DOUTORADO	2005/2015	NÃO	22	20	2	0	131	89	44	133	59	30	14	0	10	0	65	32	12	7	0	1	36	0.15	0	0.22	3.25	0.7	0.03	0	0.19	1.8	0.35	5.05	1.05	4.59	0.95	201113	133092	AVALIAÇÃO
2017	15001016092P4	COMPUTAÇÃO APLICADA	CIÊNCIA DA COMPUTAÇÃO	UFPA	UNIVERSIDADE FEDERAL DO PARÁ		FEDERAL	PA	NORTE	2016	PROFISSIONAL	NÃO	3	MESTRADO PROFISSIONAL	2016	NÃO	10	9	1	0	34	34	0	34	16	18	0	0	0	0	34	0	0	0	0	0	0	0	0	0	3.78	0				0	0	3.78	0	3.4	0	132781	69224	AVALIAÇÃO
2018	15001016092P4	COMPUTAÇÃO APLICADA	CIÊNCIA DA COMPUTAÇÃO	UFPA	UNIVERSIDADE FEDERAL DO PARÁ		FEDERAL	PA	NORTE	2016	PROFISSIONAL	NÃO	3	MESTRADO PROFISSIONAL	2016	NÃO	13	11	2	0	53	53	0	53	34	19	3	0	1	0	49	0	0	0	0	0	0	0.02	0	0.06	4.45	0.27				0	0	4.45	0.27	3.77	0.23	141292	76575	AVALIAÇÃO
2019	15001016092P4	COMPUTAÇÃO APLICADA	CIÊNCIA DA COMPUTAÇÃO	UFPA	UNIVERSIDADE FEDERAL DO PARÁ		FEDERAL	PA	NORTE	2016	PROFISSIONAL	NÃO	3	MESTRADO PROFISSIONAL	2016	NÃO	13	12	1	0	63	63	0	63	50	13	12	0	4	0	47	0	0	0	0	0	0	0.09	0	0.26	3.92	1				0	0	3.92	1	3.62	0.92	158718	93696	AVALIAÇÃO
2020	15001016092P4	COMPUTAÇÃO APLICADA	CIÊNCIA DA COMPUTAÇÃO	UFPA	UNIVERSIDADE FEDERAL DO PARÁ		FEDERAL	PA	NORTE	2016	PROFISSIONAL	NÃO	3	MESTRADO PROFISSIONAL	2016	NÃO	15	12	3	0	60	60	0	60	43	17	7	0	17	0	36	0	0	0	0	0	0	0.47	0	0.19	3	0.58				0	0	3	0.58	2.4	0.47	202084	133766	AVALIAÇÃO
2017	20001010022P0	CIÊNCIA DA COMPUTAÇÃO	CIÊNCIA DA COMPUTAÇÃO	UFMA	UNIVERSIDADE FEDERAL DO MARANHÃO		FEDERAL	MA	NORDESTE	2011	ACADÊMICO	NÃO	3	MESTRADO	2011	NÃO	15	12	3	0	58	58	0	58	36	22	12	0	3	0	43	0	0	0	0	0	0	0.07	0	0.28	3.58	1				0	0	3.58	1	2.87	0.8	129036	65896	AVALIAÇÃO
2018	20001010022P0	CIÊNCIA DA COMPUTAÇÃO	CIÊNCIA DA COMPUTAÇÃO	UFMA	UNIVERSIDADE FEDERAL DO MARANHÃO		FEDERAL	MA	NORDESTE	2011	ACADÊMICO	NÃO	3	MESTRADO	2011	NÃO	17	13	4	0	65	65	0	65	42	23	17	3	9	0	36	0	0	0	0	0	0	0.25	0.08	0.47	2.77	1.31				0	0	2.77	1.31	2.12	1	139463	75174	AVALIAÇÃO
2019	20001010022P0	CIÊNCIA DA COMPUTAÇÃO	CIÊNCIA DA COMPUTAÇÃO	UFMA	UNIVERSIDADE FEDERAL DO MARANHÃO		FEDERAL	MA	NORDESTE	2011	ACADÊMICO	NÃO	3	MESTRADO	2011	NÃO	17	13	4	0	54	54	0	54	36	18	15	1	4	0	34	0	0	0	0	0	0	0.12	0.03	0.44	2.62	1.15				0	0	2.62	1.15	2	0.88	155146	90008	AVALIAÇÃO
2020	20001010022P0	CIÊNCIA DA COMPUTAÇÃO	CIÊNCIA DA COMPUTAÇÃO	UFMA	UNIVERSIDADE FEDERAL DO MARANHÃO		FEDERAL	MA	NORDESTE	2011	ACADÊMICO	NÃO	3	MESTRADO	2011	NÃO	17	15	2	0	47	47	0	47	34	13	15	1	0	0	31	0	0	0	0	0	0	0	0.03	0.48	2.07	1				0	0	2.07	1	1.82	0.88	202779	134383	AVALIAÇÃO
2019	20001010049P6	CIÊNCIA DA COMPUTAÇÃO	CIÊNCIA DA COMPUTAÇÃO	UFMA	UNIVERSIDADE FEDERAL DO MARANHÃO	FUFPI	FEDERAL	MA	NORDESTE	2019	ACADÊMICO	NÃO	A	DOUTORADO	2019	NÃO	17	15	2	0	10	0	10	10	0	0	0	0	0	0	0	0	10	0	0	0	10				0	0	0	0	0	0.67	0	0.67	0	0.59	0	172668	106343	AVALIAÇÃO
2020	20001010049P6	CIÊNCIA DA COMPUTAÇÃO	CIÊNCIA DA COMPUTAÇÃO	UFMA	UNIVERSIDADE FEDERAL DO MARANHÃO	FUFPI	FEDERAL	MA	NORDESTE	2019	ACADÊMICO	NÃO	A	DOUTORADO	2019	NÃO	22	22	0	0	28	0	28	28	0	0	0	0	0	0	0	10	18	0	0	0	28				0	0	0	0	0	1.27	0	1.27	0	1.27	0	197465	129861	AVALIAÇÃO
2017	20002017004P9	ENGENHARIA DE COMPUTAÇÃO E SISTEMAS	CIÊNCIA DA COMPUTAÇÃO	UEMA	UNIVERSIDADE ESTADUAL DO MARANHÃO		ESTADUAL	MA	NORDESTE	2011	PROFISSIONAL	NÃO	3	MESTRADO PROFISSIONAL	2011	NÃO	21	12	9	0	79	79	0	79	47	32	20	3	5	0	51	0	0	0	0	0	0	0.1	0.06	0.39	4.25	1.67				0	0	4.25	1.67	2.43	0.95	164327	98203	AVALIAÇÃO
2018	20002017004P9	ENGENHARIA DE COMPUTAÇÃO E SISTEMAS	CIÊNCIA DA COMPUTAÇÃO	UEMA	UNIVERSIDADE ESTADUAL DO MARANHÃO		ESTADUAL	MA	NORDESTE	2011	PROFISSIONAL	NÃO	3	MESTRADO PROFISSIONAL	2011	NÃO	20	14	6	0	72	72	0	72	50	22	8	0	5	0	59	0	0	0	0	0	0	0.08	0	0.14	4.21	0.57				0	0	4.21	0.57	2.95	0.4	167071	101037	AVALIAÇÃO
2019	20002017004P9	ENGENHARIA DE COMPUTAÇÃO E SISTEMAS	CIÊNCIA DA COMPUTAÇÃO	UEMA	UNIVERSIDADE ESTADUAL DO MARANHÃO		ESTADUAL	MA	NORDESTE	2011	PROFISSIONAL	NÃO	3	MESTRADO PROFISSIONAL	2011	NÃO	16	13	3	0	80	80	0	80	59	21	34	0	9	0	37	0	0	0	0	0	0	0.24	0	0.92	2.85	2.62				0	0	2.85	2.62	2.31	2.13	168019	101954	AVALIAÇÃO
2020	20002017004P9	ENGENHARIA DE COMPUTAÇÃO E SISTEMAS	CIÊNCIA DA COMPUTAÇÃO	UEMA	UNIVERSIDADE ESTADUAL DO MARANHÃO		ESTADUAL	MA	NORDESTE	2011	PROFISSIONAL	NÃO	3	MESTRADO PROFISSIONAL	2011	NÃO	15	12	3	0	62	62	0	62	37	25	10	0	16	0	36	0	0	0	0	0	0	0.44	0	0.28	3	0.83				0	0	3	0.83	2.4	0.67	203049	134608	AVALIAÇÃO
2017	21001014031P2	CIÊNCIA DA COMPUTAÇÃO	CIÊNCIA DA COMPUTAÇÃO	FUFPI	FUNDAÇÃO UNIVERSIDADE FEDERAL DO PIAUÍ		FEDERAL	PI	NORDESTE	2012	ACADÊMICO	NÃO	3	MESTRADO	2012	NÃO	14	13	1	0	53	53	0	53	35	18	13	1	2	0	37	0	0	0	0	0	0	0.05	0.03	0.35	2.85	1				0	0	2.85	1	2.64	0.93	130404	67200	AVALIAÇÃO
2018	21001014031P2	CIÊNCIA DA COMPUTAÇÃO	CIÊNCIA DA COMPUTAÇÃO	FUFPI	FUNDAÇÃO UNIVERSIDADE FEDERAL DO PIAUÍ		FEDERAL	PI	NORDESTE	2012	ACADÊMICO	NÃO	3	MESTRADO	2012	NÃO	15	14	1	0	61	61	0	61	37	24	19	0	4	0	38	0	0	0	0	0	0	0.11	0	0.5	2.71	1.36				0	0	2.71	1.36	2.53	1.27	136236	72261	AVALIAÇÃO
2019	21001014031P2	CIÊNCIA DA COMPUTAÇÃO	CIÊNCIA DA COMPUTAÇÃO	FUFPI	FUNDAÇÃO UNIVERSIDADE FEDERAL DO PIAUÍ		FEDERAL	PI	NORDESTE	2012	ACADÊMICO	NÃO	3	MESTRADO	2012	NÃO	15	14	1	0	53	53	0	53	37	16	15	1	1	0	36	0	0	0	0	0	0	0.03	0.03	0.42	2.57	1.07				0	0	2.57	1.07	2.4	1	156726	92109	AVALIAÇÃO
2020	21001014031P2	CIÊNCIA DA COMPUTAÇÃO	CIÊNCIA DA COMPUTAÇÃO	FUFPI	FUNDAÇÃO UNIVERSIDADE FEDERAL DO PIAUÍ		FEDERAL	PI	NORDESTE	2012	ACADÊMICO	NÃO	3	MESTRADO	2012	NÃO	17	17	0	0	55	55	0	55	33	22	16	2	0	0	37	0	0	0	0	0	0	0	0.05	0.43	2.18	0.94				0	0	2.18	0.94	2.18	0.94	205043	136296	AVALIAÇÃO
2017	22001018031P5	CIÊNCIAS DA COMPUTAÇÃO	CIÊNCIA DA COMPUTAÇÃO	UFC	UNIVERSIDADE FEDERAL DO CEARÁ		FEDERAL	CE	NORDESTE	1995	ACADÊMICO	NÃO	5	MESTRADO/DOUTORADO	1995/2005	NÃO	30	27	2	1	189	94	100	194	57	37	25	0	2	0	67	82	18	9	0	7	84	0.03	0	0.37	2.48	0.93	0.08	0	0.11	3.11	0.33	5.59	1.26	5.03	1.13	170359	104163	AVALIAÇÃO
2018	22001018031P5	CIÊNCIAS DA COMPUTAÇÃO	CIÊNCIA DA COMPUTAÇÃO	UFC	UNIVERSIDADE FEDERAL DO CEARÁ		FEDERAL	CE	NORDESTE	1995	ACADÊMICO	NÃO	5	MESTRADO/DOUTORADO	1995/2005	NÃO	30	26	3	1	211	108	105	213	67	41	24	0	10	0	74	84	21	10	0	6	89	0.14	0	0.32	2.85	0.92	0.07	0	0.11	3.42	0.38	6.27	1.31	5.43	1.13	170391	104175	AVALIAÇÃO
2019	22001018031P5	CIÊNCIAS DA COMPUTAÇÃO	CIÊNCIA DA COMPUTAÇÃO	UFC	UNIVERSIDADE FEDERAL DO CEARÁ		FEDERAL	CE	NORDESTE	1995	ACADÊMICO	NÃO	5	MESTRADO/DOUTORADO	1995/2005	NÃO	31	27	4	0	219	110	115	225	74	36	29	0	16	0	65	88	27	14	0	7	94	0.25	0	0.45	2.41	1.07	0.07	0	0.15	3.48	0.52	5.89	1.59	5.13	1.39	170514	104277	AVALIAÇÃO
2020	22001018031P5	CIÊNCIAS DA COMPUTAÇÃO	CIÊNCIA DA COMPUTAÇÃO	UFC	UNIVERSIDADE FEDERAL DO CEARÁ		FEDERAL	CE	NORDESTE	1995	ACADÊMICO	NÃO	5	MESTRADO/DOUTORADO	1995/2005	NÃO	34	29	4	1	226	106	128	234	65	41	15	0	8	0	83	94	34	3	0	6	119	0.1	0	0.18	2.86	0.52	0.05	0	0.03	4.1	0.1	6.97	0.62	5.94	0.53	197935	130367	AVALIAÇÃO
2019	22001018173P4	COMPUTAÇÃO	CIÊNCIA DA COMPUTAÇÃO	UFC	UNIVERSIDADE FEDERAL DO CEARÁ		FEDERAL	CE	NORDESTE	2019	ACADÊMICO	NÃO	A	MESTRADO	2019	NÃO	17	17	0	0	17	17	0	17	0	17	0	0	0	0	17	0	0	0	0	0	0	0	0	0	1	0				0	0	1	0	1	0	157108	92415	AVALIAÇÃO
2020	22001018173P4	COMPUTAÇÃO	CIÊNCIA DA COMPUTAÇÃO	UFC	UNIVERSIDADE FEDERAL DO CEARÁ		FEDERAL	CE	NORDESTE	2019	ACADÊMICO	NÃO	A	MESTRADO	2019	NÃO	18	18	0	0	37	37	0	37	17	20	2	0	1	0	34	0	0	0	0	0	0	0.03	0	0.06	1.89	0.11				0	0	1.89	0.11	1.89	0.11	199252	131488	AVALIAÇÃO
2017	22002014002P1	INFORMÁTICA APLICADA	CIÊNCIA DA COMPUTAÇÃO	UNIFOR	UNIVERSIDADE DE FORTALEZA		PARTICULAR	CE	NORDESTE	1999	ACADÊMICO	NÃO	4	MESTRADO/DOUTORADO	1999/2011	NÃO	17	16	1	0	147	106	43	149	81	25	15	0	19	0	72	26	17	7	0	5	31	0.26	0	0.21	4.5	0.94	0.16	0	0.23	1.94	0.44	6.44	1.38	6.06	1.29	170155	103934	AVALIAÇÃO
2018	22002014002P1	INFORMÁTICA APLICADA	CIÊNCIA DA COMPUTAÇÃO	UNIFOR	UNIVERSIDADE DE FORTALEZA		PARTICULAR	CE	NORDESTE	1999	ACADÊMICO	NÃO	4	MESTRADO/DOUTORADO	1999/2011	NÃO	16	16	0	0	129	90	41	131	72	18	25	0	16	0	49	31	10	10	0	2	29	0.33	0	0.51	3.06	1.56	0.07	0	0.34	1.81	0.63	4.88	2.19	4.88	2.19	170161	103940	AVALIAÇÃO
2019	22002014002P1	INFORMÁTICA APLICADA	CIÊNCIA DA COMPUTAÇÃO	UNIFOR	UNIVERSIDADE DE FORTALEZA		PARTICULAR	CE	NORDESTE	1999	ACADÊMICO	NÃO	4	MESTRADO/DOUTORADO	1999/2011	NÃO	16	16	0	0	95	62	36	98	49	13	19	0	10	0	33	29	7	4	0	1	31	0.3	0	0.58	2.06	1.19	0.03	0	0.13	1.94	0.25	4	1.44	4	1.44	170163	103942	AVALIAÇÃO
2020	22002014002P1	INFORMÁTICA APLICADA	CIÊNCIA DA COMPUTAÇÃO	UNIFOR	UNIVERSIDADE DE FORTALEZA		PARTICULAR	CE	NORDESTE	1999	ACADÊMICO	NÃO	4	MESTRADO/DOUTORADO	1999/2011	NÃO	16	16	0	0	88	53	35	88	33	20	11	0	1	0	41	31	4	4	0	3	28	0.02	0	0.27	2.56	0.69	0.11	0	0.14	1.75	0.25	4.31	0.94	4.31	0.94	201937	133654	AVALIAÇÃO
2017	22003010018P1	CIÊNCIA DA COMPUTAÇÃO	CIÊNCIA DA COMPUTAÇÃO	UECE	UNIVERSIDADE ESTADUAL DO CEARÁ		ESTADUAL	CE	NORDESTE	2007	ACADÊMICO	NÃO	4	MESTRADO	2007	NÃO	14	12	0	2	62	62	0	62	40	22	16	1	6	0	39	0	0	0	0	0	0	0.15	0.03	0.41	3.25	1.33				0	0	3.25	1.33	2.79	1.14	176734	109465	AVALIAÇÃO
2018	22003010018P1	CIÊNCIA DA COMPUTAÇÃO	CIÊNCIA DA COMPUTAÇÃO	UECE	UNIVERSIDADE ESTADUAL DO CEARÁ		ESTADUAL	CE	NORDESTE	2007	ACADÊMICO	NÃO	4	MESTRADO	2007	NÃO	13	12	0	1	57	57	0	57	39	18	16	1	6	0	34	0	0	0	0	0	0	0.18	0.03	0.47	2.83	1.33				0	0	2.83	1.33	2.62	1.23	176587	109327	AVALIAÇÃO
2019	22003010018P1	CIÊNCIA DA COMPUTAÇÃO	CIÊNCIA DA COMPUTAÇÃO	UECE	UNIVERSIDADE ESTADUAL DO CEARÁ		ESTADUAL	CE	NORDESTE	2007	ACADÊMICO	NÃO	4	MESTRADO	2007	NÃO	13	12	1	0	52	52	0	52	34	18	8	0	2	0	42	0	0	0	0	0	0	0.05	0	0.19	3.5	0.67				0	0	3.5	0.67	3.23	0.62	176173	109102	AVALIAÇÃO
2020	22003010018P1	CIÊNCIA DA COMPUTAÇÃO	CIÊNCIA DA COMPUTAÇÃO	UECE	UNIVERSIDADE ESTADUAL DO CEARÁ		ESTADUAL	CE	NORDESTE	2007	ACADÊMICO	NÃO	4	MESTRADO	2007	NÃO	13	12	1	0	70	70	0	70	43	27	13	0	0	0	57	0	0	0	0	0	0	0	0	0.23	4.75	1.08				0	0	4.75	1.08	4.38	1	205188	136438	AVALIAÇÃO
2017	22008012004P2	CIÊNCIA DA COMPUTAÇÃO	CIÊNCIA DA COMPUTAÇÃO	IFCE	INSTITUTO FEDERAL DE EDUCAÇÃO, CIÊNCIA E TECNOLOGIA DO CEARÁ		FEDERAL	CE	NORDESTE	2014	ACADÊMICO	NÃO	3	MESTRADO	2014	NÃO	21	17	4	0	54	54	0	54	39	15	18	1	0	0	35	0	0	0	0	0	0	0	0.03	0.51	2.06	1.06				0	0	2.06	1.06	1.67	0.86	130951	67735	AVALIAÇÃO
2018	22008012004P2	CIÊNCIA DA COMPUTAÇÃO	CIÊNCIA DA COMPUTAÇÃO	IFCE	INSTITUTO FEDERAL DE EDUCAÇÃO, CIÊNCIA E TECNOLOGIA DO CEARÁ		FEDERAL	CE	NORDESTE	2014	ACADÊMICO	NÃO	3	MESTRADO	2014	NÃO	18	15	3	0	51	51	0	51	35	16	8	3	0	0	40	0	0	0	0	0	0	0	0.08	0.2	2.67	0.53				0	0	2.67	0.53	2.22	0.44	138811	74609	AVALIAÇÃO
2019	22008012004P2	CIÊNCIA DA COMPUTAÇÃO	CIÊNCIA DA COMPUTAÇÃO	IFCE	INSTITUTO FEDERAL DE EDUCAÇÃO, CIÊNCIA E TECNOLOGIA DO CEARÁ		FEDERAL	CE	NORDESTE	2014	ACADÊMICO	NÃO	3	MESTRADO	2014	NÃO	18	17	1	0	59	59	0	59	41	18	13	0	2	0	44	0	0	0	0	0	0	0.05	0	0.3	2.59	0.76				0	0	2.59	0.76	2.44	0.72	174976	108138	AVALIAÇÃO
2020	22008012004P2	CIÊNCIA DA COMPUTAÇÃO	CIÊNCIA DA COMPUTAÇÃO	IFCE	INSTITUTO FEDERAL DE EDUCAÇÃO, CIÊNCIA E TECNOLOGIA DO CEARÁ		FEDERAL	CE	NORDESTE	2014	ACADÊMICO	NÃO	3	MESTRADO	2014	NÃO	18	17	1	0	71	71	0	71	44	27	12	0	0	0	59	0	0	0	0	0	0	0	0	0.2	3.47	0.71				0	0	3.47	0.71	3.28	0.67	200538	132627	AVALIAÇÃO
2017	23001011022P9	SISTEMAS E COMPUTAÇÃO	CIÊNCIA DA COMPUTAÇÃO	UFRN	UNIVERSIDADE FEDERAL DO RIO GRANDE DO NORTE		FEDERAL	RN	NORDESTE	1999	ACADÊMICO	NÃO	5	MESTRADO/DOUTORADO	1999/2008	NÃO	27	26	1	0	147	85	67	152	52	33	22	2	4	0	57	47	20	5	0	1	61	0.07	0.04	0.39	2.19	0.85	0.02	0	0.08	2.35	0.19	4.54	1.04	4.37	1	129438	66264	AVALIAÇÃO
2018	23001011022P9	SISTEMAS E COMPUTAÇÃO	CIÊNCIA DA COMPUTAÇÃO	UFRN	UNIVERSIDADE FEDERAL DO RIO GRANDE DO NORTE		FEDERAL	RN	NORDESTE	1999	ACADÊMICO	NÃO	5	MESTRADO/DOUTORADO	1999/2008	NÃO	29	27	2	0	155	87	73	160	56	31	24	3	2	0	58	60	13	9	1	2	61	0.03	0.05	0.41	2.15	0.89	0.03	0.02	0.15	2.26	0.33	4.41	1.22	4.1	1.14	135966	72020	AVALIAÇÃO
2019	23001011022P9	SISTEMAS E COMPUTAÇÃO	CIÊNCIA DA COMPUTAÇÃO	UFRN	UNIVERSIDADE FEDERAL DO RIO GRANDE DO NORTE		FEDERAL	RN	NORDESTE	1999	ACADÊMICO	NÃO	5	MESTRADO/DOUTORADO	1999/2008	NÃO	28	27	1	0	156	77	82	159	54	23	19	0	0	0	58	61	21	11	0	0	71	0	0	0.33	2.15	0.7	0	0	0.15	2.63	0.41	4.78	1.11	4.61	1.07	144699	81347	AVALIAÇÃO
2020	23001011022P9	SISTEMAS E COMPUTAÇÃO	CIÊNCIA DA COMPUTAÇÃO	UFRN	UNIVERSIDADE FEDERAL DO RIO GRANDE DO NORTE		FEDERAL	RN	NORDESTE	1999	ACADÊMICO	NÃO	5	MESTRADO/DOUTORADO	1999/2008	NÃO	29	28	1	0	161	79	85	164	55	24	15	0	0	0	64	72	13	14	1	1	69	0	0	0.23	2.29	0.54	0.01	0.01	0.2	2.46	0.5	4.75	1.04	4.59	1	196473	128919	AVALIAÇÃO
2017	23001011071P0	TECNOLOGIA DA INFORMAÇÃO	CIÊNCIA DA COMPUTAÇÃO	UFRN	UNIVERSIDADE FEDERAL DO RIO GRANDE DO NORTE		FEDERAL	RN	NORDESTE	2014	PROFISSIONAL	NÃO	3	MESTRADO PROFISSIONAL	2014	NÃO	14	12	2	0	39	39	0	39	30	9	8	0	6	0	25	0	0	0	0	0	0	0.24	0	0.32	2.08	0.67				0	0	2.08	0.67	1.79	0.57	128974	65878	AVALIAÇÃO
2018	23001011071P0	TECNOLOGIA DA INFORMAÇÃO	CIÊNCIA DA COMPUTAÇÃO	UFRN	UNIVERSIDADE FEDERAL DO RIO GRANDE DO NORTE		FEDERAL	RN	NORDESTE	2014	PROFISSIONAL	NÃO	3	MESTRADO PROFISSIONAL	2014	NÃO	12	12	0	0	44	44	0	44	24	20	12	2	0	0	30	0	0	0	0	0	0	0	0.07	0.4	2.5	1				0	0	2.5	1	2.5	1	136083	72097	AVALIAÇÃO
2019	23001011071P0	TECNOLOGIA DA INFORMAÇÃO	CIÊNCIA DA COMPUTAÇÃO	UFRN	UNIVERSIDADE FEDERAL DO RIO GRANDE DO NORTE		FEDERAL	RN	NORDESTE	2014	PROFISSIONAL	NÃO	3	MESTRADO PROFISSIONAL	2014	NÃO	12	12	0	0	42	42	0	42	28	14	6	2	2	0	32	0	0	0	0	0	0	0.06	0.06	0.19	2.67	0.5				0	0	2.67	0.5	2.67	0.5	173705	107172	AVALIAÇÃO
2020	23001011071P0	TECNOLOGIA DA INFORMAÇÃO	CIÊNCIA DA COMPUTAÇÃO	UFRN	UNIVERSIDADE FEDERAL DO RIO GRANDE DO NORTE		FEDERAL	RN	NORDESTE	2014	PROFISSIONAL	NÃO	3	MESTRADO PROFISSIONAL	2014	NÃO	16	16	0	0	53	53	0	53	32	21	8	1	5	0	39	0	0	0	0	0	0	0.13	0.03	0.21	2.44	0.5				0	0	2.44	0.5	2.44	0.5	204696	136032	AVALIAÇÃO
2017	23002018002P4	CIÊNCIA DA COMPUTAÇÃO - UERN - UFERSA	CIÊNCIA DA COMPUTAÇÃO	UERN	UNIVERSIDADE DO ESTADO DO RIO GRANDE DO NORTE	UFERSA	ESTADUAL	RN	NORDESTE	2008	ACADÊMICO	NÃO	3	MESTRADO	2008	NÃO	23	17	6	0	59	59	0	59	46	13	14	3	1	0	41	0	0	0	0	0	0	0.02	0.07	0.34	2.41	0.82				0	0	2.41	0.82	1.78	0.61	174880	108064	AVALIAÇÃO
2018	23002018002P4	CIÊNCIA DA COMPUTAÇÃO - UERN - UFERSA	CIÊNCIA DA COMPUTAÇÃO	UERN	UNIVERSIDADE DO ESTADO DO RIO GRANDE DO NORTE	UFERSA	ESTADUAL	RN	NORDESTE	2008	ACADÊMICO	NÃO	3	MESTRADO	2008	NÃO	19	15	4	0	66	66	0	66	41	25	20	4	2	0	40	0	0	0	0	0	0	0.05	0.1	0.5	2.67	1.33				0	0	2.67	1.33	2.11	1.05	175134	108273	AVALIAÇÃO
2019	23002018002P4	CIÊNCIA DA COMPUTAÇÃO - UERN - UFERSA	CIÊNCIA DA COMPUTAÇÃO	UERN	UNIVERSIDADE DO ESTADO DO RIO GRANDE DO NORTE	UFERSA	ESTADUAL	RN	NORDESTE	2008	ACADÊMICO	NÃO	3	MESTRADO	2008	NÃO	22	13	9	0	65	65	0	65	40	25	13	2	7	0	43	0	0	0	0	0	0	0.16	0.05	0.3	3.31	1				0	0	3.31	1	1.95	0.59	175193	108329	AVALIAÇÃO
2020	23002018002P4	CIÊNCIA DA COMPUTAÇÃO - UERN - UFERSA	CIÊNCIA DA COMPUTAÇÃO	UERN	UNIVERSIDADE DO ESTADO DO RIO GRANDE DO NORTE	UFERSA	ESTADUAL	RN	NORDESTE	2008	ACADÊMICO	NÃO	3	MESTRADO	2008	NÃO	19	13	6	0	62	62	0	62	42	20	12	1	2	0	47	0	0	0	0	0	0	0.04	0.02	0.26	3.62	0.92				0	0	3.62	0.92	2.47	0.63	203368	134892	AVALIAÇÃO
2017	24001015047P4	INFORMÁTICA	SISTEMA DE COMPUTAÇÃO	UFPB-JP	UNIVERSIDADE FEDERAL DA PARAÍBA ( JOÃO PESSOA )		FEDERAL	PB	NORDESTE	2006	ACADÊMICO	NÃO	4	MESTRADO	2006	NÃO	19	15	4	0	102	102	0	102	77	25	25	3	3	0	71	0	0	0	0	0	0	0.04	0.04	0.35	4.73	1.67				0	0	4.73	1.67	3.74	1.32	175359	108491	AVALIAÇÃO
2018	24001015047P4	INFORMÁTICA	SISTEMA DE COMPUTAÇÃO	UFPB-JP	UNIVERSIDADE FEDERAL DA PARAÍBA ( JOÃO PESSOA )		FEDERAL	PB	NORDESTE	2006	ACADÊMICO	NÃO	4	MESTRADO	2006	NÃO	19	15	4	0	111	111	0	111	71	40	19	0	16	0	76	0	0	0	0	0	0	0.21	0	0.25	5.07	1.27				0	0	5.07	1.27	4	1	176009	109003	AVALIAÇÃO
2019	24001015047P4	INFORMÁTICA	SISTEMA DE COMPUTAÇÃO	UFPB-JP	UNIVERSIDADE FEDERAL DA PARAÍBA ( JOÃO PESSOA )		FEDERAL	PB	NORDESTE	2006	ACADÊMICO	NÃO	4	MESTRADO	2006	NÃO	20	16	4	0	117	117	0	117	76	41	20	0	1	0	96	0	0	0	0	0	0	0.01	0	0.21	6	1.25				0	0	6	1.25	4.8	1	175966	108959	AVALIAÇÃO
2020	24001015047P4	INFORMÁTICA	SISTEMA DE COMPUTAÇÃO	UFPB-JP	UNIVERSIDADE FEDERAL DA PARAÍBA ( JOÃO PESSOA )		FEDERAL	PB	NORDESTE	2006	ACADÊMICO	NÃO	4	MESTRADO	2006	NÃO	20	16	4	0	121	121	0	121	96	25	16	0	0	0	105	0	0	0	0	0	0	0	0	0.15	6.56	1				0	0	6.56	1	5.25	0.8	202880	134460	AVALIAÇÃO
2019	24007013002P9	TECNOLOGIA DA INFORMAÇÃO	CIÊNCIA DA COMPUTAÇÃO	IFPB	INSTITUTO FEDERAL DE EDUCAÇÃO, CIÊNCIA E TECNOLOGIA DA PARAÍBA		FEDERAL	PB	NORDESTE	2019	PROFISSIONAL	NÃO	A	MESTRADO PROFISSIONAL	2019	NÃO	17	14	3	0	25	25	0	25	0	25	0	0	0	0	25	0	0	0	0	0	0	0	0	0	1.79	0				0	0	1.79	0	1.47	0	159952	94777	AVALIAÇÃO
2020	24007013002P9	TECNOLOGIA DA INFORMAÇÃO	CIÊNCIA DA COMPUTAÇÃO	IFPB	INSTITUTO FEDERAL DE EDUCAÇÃO, CIÊNCIA E TECNOLOGIA DA PARAÍBA		FEDERAL	PB	NORDESTE	2019	PROFISSIONAL	NÃO	A	MESTRADO PROFISSIONAL	2019	NÃO	17	15	2	0	49	49	0	49	25	24	0	0	1	0	48	0	0	0	0	0	0	0.02	0	0	3.2	0				0	0	3.2	0	2.82	0	204770	136086	AVALIAÇÃO
2017	24009016005P0	CIÊNCIA DA COMPUTAÇÃO	CIÊNCIA DA COMPUTAÇÃO	UFCG	UNIVERSIDADE FEDERAL DE CAMPINA GRANDE		FEDERAL	PB	NORDESTE	1973	ACADÊMICO	NÃO	4	MESTRADO/DOUTORADO	1973/2005	NÃO	44	34	10	0	170	87	92	179	60	27	17	3	11	0	56	74	18	16	3	3	70	0.2	0.05	0.3	1.65	0.5	0.04	0.04	0.23	2.06	0.47	3.71	0.97	2.86	0.75	177520	110055	AVALIAÇÃO
2018	24009016005P0	CIÊNCIA DA COMPUTAÇÃO	CIÊNCIA DA COMPUTAÇÃO	UFCG	UNIVERSIDADE FEDERAL DE CAMPINA GRANDE		FEDERAL	PB	NORDESTE	1973	ACADÊMICO	NÃO	4	MESTRADO/DOUTORADO	1973/2005	NÃO	43	33	10	0	155	80	84	164	56	24	15	0	7	0	58	69	15	13	2	3	66	0.12	0	0.26	1.76	0.45	0.05	0.03	0.2	2	0.39	3.76	0.85	2.88	0.65	177546	110061	AVALIAÇÃO
2019	24009016005P0	CIÊNCIA DA COMPUTAÇÃO	CIÊNCIA DA COMPUTAÇÃO	UFCG	UNIVERSIDADE FEDERAL DE CAMPINA GRANDE		FEDERAL	PB	NORDESTE	1973	ACADÊMICO	NÃO	4	MESTRADO/DOUTORADO	1973/2005	NÃO	45	35	10	0	172	100	79	179	58	42	21	1	11	0	67	66	13	10	0	3	66	0.16	0.01	0.31	1.91	0.6	0.05	0	0.15	1.89	0.29	3.8	0.89	2.96	0.69	177573	110101	AVALIAÇÃO
2020	24009016005P0	CIÊNCIA DA COMPUTAÇÃO	CIÊNCIA DA COMPUTAÇÃO	UFCG	UNIVERSIDADE FEDERAL DE CAMPINA GRANDE		FEDERAL	PB	NORDESTE	1973	ACADÊMICO	NÃO	4	MESTRADO/DOUTORADO	1973/2005	NÃO	45	35	10	0	160	85	77	162	61	24	16	0	11	0	58	66	11	13	0	6	58	0.19	0	0.28	1.66	0.46	0.1	0	0.22	1.66	0.37	3.31	0.83	2.58	0.64	198209	130572	AVALIAÇÃO
2017	25001019004P6	CIÊNCIAS DA COMPUTAÇÃO	CIÊNCIA DA COMPUTAÇÃO	UFPE	UNIVERSIDADE FEDERAL DE PERNAMBUCO		FEDERAL	PE	NORDESTE	1975	ACADÊMICO	NÃO	7	MESTRADO/DOUTORADO	1975/1992	NÃO	84	76	8	0	697	335	379	714	195	140	65	0	39	0	231	294	85	59	1	18	301	0.17	0	0.28	3.04	0.86	0.06	0	0.2	3.96	0.78	7	1.63	6.33	1.48	176829	109569	AVALIAÇÃO
2018	25001019004P6	CIÊNCIAS DA COMPUTAÇÃO	CIÊNCIA DA COMPUTAÇÃO	UFPE	UNIVERSIDADE FEDERAL DE PERNAMBUCO		FEDERAL	PE	NORDESTE	1975	ACADÊMICO	NÃO	7	MESTRADO/DOUTORADO	1975/1992	NÃO	84	76	8	0	678	336	358	694	231	105	47	0	50	0	239	298	60	40	0	32	286	0.21	0	0.2	3.14	0.62	0.11	0	0.14	3.76	0.53	6.91	1.14	6.25	1.04	176868	109594	AVALIAÇÃO
2019	25001019004P6	CIÊNCIAS DA COMPUTAÇÃO	CIÊNCIA DA COMPUTAÇÃO	UFPE	UNIVERSIDADE FEDERAL DE PERNAMBUCO		FEDERAL	PE	NORDESTE	1975	ACADÊMICO	NÃO	7	MESTRADO/DOUTORADO	1975/1992	NÃO	88	73	15	0	689	341	375	716	237	104	91	0	19	0	231	284	91	48	0	24	303	0.08	0	0.39	3.16	1.25	0.08	0	0.16	4.15	0.66	7.32	1.9	6.07	1.58	176878	109604	AVALIAÇÃO
2020	25001019004P6	CIÊNCIAS DA COMPUTAÇÃO	CIÊNCIA DA COMPUTAÇÃO	UFPE	UNIVERSIDADE FEDERAL DE PERNAMBUCO		FEDERAL	PE	NORDESTE	1975	ACADÊMICO	NÃO	7	MESTRADO/DOUTORADO	1975/1992	NÃO	88	71	17	0	697	334	382	716	228	106	64	0	8	0	262	301	81	35	0	11	336	0.03	0	0.24	3.69	0.9	0.03	0	0.1	4.73	0.49	8.42	1.39	6.8	1.13	199103	131320	AVALIAÇÃO
2017	25001019062P6	CIÊNCIAS DA COMPUTAÇÃO	CIÊNCIA DA COMPUTAÇÃO	UFPE	UNIVERSIDADE FEDERAL DE PERNAMBUCO		FEDERAL	PE	NORDESTE	2006	PROFISSIONAL	NÃO	4	MESTRADO PROFISSIONAL	2006	NÃO	43	33	10	0	112	112	0	112	112	0	89	0	16	0	7	0	0	0	0	0	0	2.29	0	12.71	0.21	2.7				0	0	0.21	2.7	0.16	2.07	176051	109043	AVALIAÇÃO
2018	25001019062P6	CIÊNCIAS DA COMPUTAÇÃO	CIÊNCIA DA COMPUTAÇÃO	UFPE	UNIVERSIDADE FEDERAL DE PERNAMBUCO		FEDERAL	PE	NORDESTE	2006	PROFISSIONAL	NÃO	4	MESTRADO PROFISSIONAL	2006	NÃO	44	35	9	0	48	48	0	48	7	41	6	0	1	0	41	0	0	0	0	0	0	0.02	0	0.15	1.17	0.17				0	0	1.17	0.17	0.93	0.14	173760	107219	AVALIAÇÃO
2019	25001019062P6	CIÊNCIAS DA COMPUTAÇÃO	CIÊNCIA DA COMPUTAÇÃO	UFPE	UNIVERSIDADE FEDERAL DE PERNAMBUCO		FEDERAL	PE	NORDESTE	2006	PROFISSIONAL	NÃO	4	MESTRADO PROFISSIONAL	2006	NÃO	41	34	7	0	41	41	0	41	41	0	1	0	0	0	40	0	0	0	0	0	0	0	0	0.03	1.18	0.03				0	0	1.18	0.03	0.98	0.02	173770	107195	AVALIAÇÃO
2020	25001019062P6	CIÊNCIAS DA COMPUTAÇÃO	CIÊNCIA DA COMPUTAÇÃO	UFPE	UNIVERSIDADE FEDERAL DE PERNAMBUCO		FEDERAL	PE	NORDESTE	2006	PROFISSIONAL	NÃO	4	MESTRADO PROFISSIONAL	2006	NÃO	40	33	7	0	40	40	0	40	40	0	14	0	0	0	26	0	0	0	0	0	0	0	0	0.54	0.79	0.42				0	0	0.79	0.42	0.65	0.35	203725	135212	AVALIAÇÃO
2017	25003011032P2	INFORMÁTICA APLICADA	CIÊNCIA DA COMPUTAÇÃO	UFRPE	UNIVERSIDADE FEDERAL RURAL DE PERNAMBUCO		FEDERAL	PE	NORDESTE	2011	ACADÊMICO	NÃO	3	MESTRADO	2011	NÃO	20	16	4	0	66	66	0	66	35	31	12	1	3	0	50	0	0	0	0	0	0	0.06	0.02	0.24	3.13	0.75				0	0	3.13	0.75	2.5	0.6	165800	99847	AVALIAÇÃO
2018	25003011032P2	INFORMÁTICA APLICADA	CIÊNCIA DA COMPUTAÇÃO	UFRPE	UNIVERSIDADE FEDERAL RURAL DE PERNAMBUCO		FEDERAL	PE	NORDESTE	2011	ACADÊMICO	NÃO	3	MESTRADO	2011	NÃO	23	18	5	0	68	68	0	68	50	18	16	1	5	0	46	0	0	0	0	0	0	0.11	0.02	0.35	2.56	0.89				0	0	2.56	0.89	2	0.7	166024	100066	AVALIAÇÃO
2019	25003011032P2	INFORMÁTICA APLICADA	CIÊNCIA DA COMPUTAÇÃO	UFRPE	UNIVERSIDADE FEDERAL RURAL DE PERNAMBUCO		FEDERAL	PE	NORDESTE	2011	ACADÊMICO	NÃO	3	MESTRADO	2011	NÃO	25	21	4	0	72	72	0	72	46	26	16	0	6	0	50	0	0	0	0	0	0	0.12	0	0.32	2.38	0.76				0	0	2.38	0.76	2	0.64	166268	100287	AVALIAÇÃO
2020	25003011032P2	INFORMÁTICA APLICADA	CIÊNCIA DA COMPUTAÇÃO	UFRPE	UNIVERSIDADE FEDERAL RURAL DE PERNAMBUCO		FEDERAL	PE	NORDESTE	2011	ACADÊMICO	NÃO	3	MESTRADO	2011	NÃO	27	23	4	0	75	75	0	75	49	26	15	0	3	0	57	0	0	0	0	0	0	0.05	0	0.26	2.48	0.65				0	0	2.48	0.65	2.11	0.56	198902	131157	AVALIAÇÃO
2017	25004018011P1	ENGENHARIA DA COMPUTAÇÃO	CIÊNCIA DA COMPUTAÇÃO	UPE	UNIVERSIDADE DE PERNAMBUCO		ESTADUAL	PE	NORDESTE	2006	ACADÊMICO	NÃO	4	MESTRADO/DOUTORADO	2006/2018	NÃO	20	14	6	0	86	86	0	86	60	26	24	4	5	0	53	0	0	0	0	0	0	0.09	0.08	0.45	3.79	1.71				0	0	3.79	1.71	2.65	1.2	170537	104317	AVALIAÇÃO
2018	25004018011P1	ENGENHARIA DA COMPUTAÇÃO	CIÊNCIA DA COMPUTAÇÃO	UPE	UNIVERSIDADE DE PERNAMBUCO		ESTADUAL	PE	NORDESTE	2006	ACADÊMICO	NÃO	4	MESTRADO/DOUTORADO	2006/2018	NÃO	17	14	3	0	80	80	0	80	52	28	20	1	10	0	49	0	0	0	0	0	0	0.2	0.02	0.41	3.5	1.43				0	0	3.5	1.43	2.88	1.18	168499	102462	AVALIAÇÃO
2019	25004018011P1	ENGENHARIA DA COMPUTAÇÃO	CIÊNCIA DA COMPUTAÇÃO	UPE	UNIVERSIDADE DE PERNAMBUCO		ESTADUAL	PE	NORDESTE	2006	ACADÊMICO	NÃO	4	MESTRADO/DOUTORADO	2006/2018	NÃO	19	14	5	0	101	78	27	105	49	29	17	4	5	0	52	0	27	0	0	0	27	0.1	0.08	0.33	3.71	1.21	0	0	0	1.93	0	5.64	1.21	4.16	0.89	163429	97389	AVALIAÇÃO
2020	25004018011P1	ENGENHARIA DA COMPUTAÇÃO	CIÊNCIA DA COMPUTAÇÃO	UPE	UNIVERSIDADE DE PERNAMBUCO		ESTADUAL	PE	NORDESTE	2006	ACADÊMICO	NÃO	4	MESTRADO/DOUTORADO	2006/2018	NÃO	20	15	5	0	127	88	41	129	51	37	19	4	6	0	59	27	14	0	0	0	41	0.1	0.07	0.32	3.93	1.27	0	0	0	2.73	0	6.67	1.27	5	0.95	202905	134485	AVALIAÇÃO
2017	25019015001P0	ENGENHARIA DE SOFTWARE	ENGENHARIA DE SOFTWARE	CESAR	CENTRO DE ESTUDOS E SISTEMAS AVANÇADOS DO RECIFE (PE)		PARTICULAR	PE	NORDESTE	2007	PROFISSIONAL	NÃO	4	MESTRADO PROFISSIONAL/DOUTORADO PROFISSIONAL	2007	NÃO	34	15	13	6	124	124	0	124	86	38	30	12	0	0	82	0	0	0	0	0	0	0	0.15	0.37	5.47	2				0	0	5.47	2	2.41	0.88	172033	105729	AVALIAÇÃO
2018	25019015001P0	ENGENHARIA DE SOFTWARE	ENGENHARIA DE SOFTWARE	CESAR	CENTRO DE ESTUDOS E SISTEMAS AVANÇADOS DO RECIFE (PE)		PARTICULAR	PE	NORDESTE	2007	PROFISSIONAL	NÃO	4	MESTRADO PROFISSIONAL/DOUTORADO PROFISSIONAL	2007	NÃO	32	18	9	5	131	131	0	131	82	49	21	12	0	0	98	0	0	0	0	0	0	0	0.12	0.21	5.44	1.17				0	0	5.44	1.17	3.06	0.66	176172	109081	AVALIAÇÃO
2019	25019015001P0	ENGENHARIA DE SOFTWARE	ENGENHARIA DE SOFTWARE	CESAR	CENTRO DE ESTUDOS E SISTEMAS AVANÇADOS DO RECIFE (PE)		PARTICULAR	PE	NORDESTE	2007	PROFISSIONAL	NÃO	4	MESTRADO PROFISSIONAL/DOUTORADO PROFISSIONAL	2007	NÃO	29	16	9	4	160	160	0	160	98	62	28	3	0	0	129	0	0	0	0	0	0	0	0.02	0.22	8.06	1.75				0	0	8.06	1.75	4.45	0.97	176994	109719	AVALIAÇÃO
2020	25019015001P0	ENGENHARIA DE SOFTWARE	ENGENHARIA DE SOFTWARE	CESAR	CENTRO DE ESTUDOS E SISTEMAS AVANÇADOS DO RECIFE (PE)		PARTICULAR	PE	NORDESTE	2007	PROFISSIONAL	NÃO	4	MESTRADO PROFISSIONAL/DOUTORADO PROFISSIONAL	2007	NÃO	31	19	10	2	198	167	32	199	127	40	37	7	0	0	123	0	32	0	0	0	32	0	0.06	0.3	6.47	1.95	0	0	0	1.68	0	8.16	1.95	5	1.19	205545	137144	AVALIAÇÃO
2017	26001012035P1	INFORMÁTICA	CIÊNCIA DA COMPUTAÇÃO	UFAL	UNIVERSIDADE FEDERAL DE ALAGOAS		FEDERAL	AL	NORDESTE	2012	ACADÊMICO	NÃO	3	MESTRADO	2012	NÃO	17	13	4	0	45	45	0	45	25	20	15	2	1	0	27	0	0	0	0	0	0	0.04	0.07	0.56	2.08	1.15				0	0	2.08	1.15	1.59	0.88	175044	108189	AVALIAÇÃO
2018	26001012035P1	INFORMÁTICA	CIÊNCIA DA COMPUTAÇÃO	UFAL	UNIVERSIDADE FEDERAL DE ALAGOAS		FEDERAL	AL	NORDESTE	2012	ACADÊMICO	NÃO	3	MESTRADO	2012	NÃO	21	15	6	0	56	56	0	56	27	29	2	2	7	0	45	0	0	0	0	0	0	0.16	0.04	0.04	3	0.13				0	0	3	0.13	2.14	0.1	175096	108240	AVALIAÇÃO
2019	26001012035P1	INFORMÁTICA	CIÊNCIA DA COMPUTAÇÃO	UFAL	UNIVERSIDADE FEDERAL DE ALAGOAS		FEDERAL	AL	NORDESTE	2012	ACADÊMICO	NÃO	3	MESTRADO	2012	NÃO	27	22	5	0	80	80	0	80	45	35	14	1	14	0	51	0	0	0	0	0	0	0.27	0.02	0.27	2.32	0.64				0	0	2.32	0.64	1.89	0.52	175442	108553	AVALIAÇÃO
2020	26001012035P1	INFORMÁTICA	CIÊNCIA DA COMPUTAÇÃO	UFAL	UNIVERSIDADE FEDERAL DE ALAGOAS		FEDERAL	AL	NORDESTE	2012	ACADÊMICO	NÃO	3	MESTRADO	2012	NÃO	28	23	5	0	83	83	0	83	50	33	15	5	10	0	53	0	0	0	0	0	0	0.19	0.09	0.28	2.3	0.65				0	0	2.3	0.65	1.89	0.54	204737	136054	AVALIAÇÃO
2017	27001016029P4	CIÊNCIA DA COMPUTAÇÃO	CIÊNCIA DA COMPUTAÇÃO	FUFSE	FUNDAÇÃO UNIVERSIDADE FEDERAL DE SERGIPE		FEDERAL	SE	NORDESTE	2010	ACADÊMICO	NÃO	3	MESTRADO	2010	NÃO	21	14	7	0	77	77	0	77	60	17	29	0	4	0	44	0	0	0	0	0	0	0.09	0	0.66	3.14	2.07				0	0	3.14	2.07	2.1	1.38	168621	102509	AVALIAÇÃO
2018	27001016029P4	CIÊNCIA DA COMPUTAÇÃO	CIÊNCIA DA COMPUTAÇÃO	FUFSE	FUNDAÇÃO UNIVERSIDADE FEDERAL DE SERGIPE		FEDERAL	SE	NORDESTE	2010	ACADÊMICO	NÃO	3	MESTRADO	2010	NÃO	21	16	5	0	70	70	0	70	43	27	24	1	3	0	42	0	0	0	0	0	0	0.07	0.02	0.57	2.63	1.5				0	0	2.63	1.5	2	1.14	168833	102710	AVALIAÇÃO
2019	27001016029P4	CIÊNCIA DA COMPUTAÇÃO	CIÊNCIA DA COMPUTAÇÃO	FUFSE	FUNDAÇÃO UNIVERSIDADE FEDERAL DE SERGIPE		FEDERAL	SE	NORDESTE	2010	ACADÊMICO	NÃO	3	MESTRADO	2010	NÃO	20	15	5	0	65	65	0	65	42	23	19	1	7	0	38	0	0	0	0	0	0	0.18	0.03	0.5	2.53	1.27				0	0	2.53	1.27	1.9	0.95	168840	102717	AVALIAÇÃO
2020	27001016029P4	CIÊNCIA DA COMPUTAÇÃO	CIÊNCIA DA COMPUTAÇÃO	FUFSE	FUNDAÇÃO UNIVERSIDADE FEDERAL DE SERGIPE		FEDERAL	SE	NORDESTE	2010	ACADÊMICO	NÃO	3	MESTRADO	2010	NÃO	17	15	2	0	59	59	0	59	36	23	17	0	0	0	42	0	0	0	0	0	0	0	0	0.4	2.8	1.13				0	0	2.8	1.13	2.47	1	200647	132656	AVALIAÇÃO
2017	28001010061P1	CIÊNCIA DA COMPUTAÇÃO	CIÊNCIA DA COMPUTAÇÃO	UFBA	UNIVERSIDADE FEDERAL DA BAHIA	UNIFACS;UEFS	FEDERAL	BA	NORDESTE	2007	ACADÊMICO	NÃO	4	DOUTORADO	2007	NÃO	11	10	1	0	14	0	14	14	0	0	0	0	0	0	0	14	0	2	0	3	9				0	0	0.33	0	0.22	0.9	0.2	0.9	0.2	0.82	0.18	171813	105491	AVALIAÇÃO
2018	28001010061P1	CIÊNCIA DA COMPUTAÇÃO	CIÊNCIA DA COMPUTAÇÃO	UFBA	UNIVERSIDADE FEDERAL DA BAHIA	UNIFACS;UEFS	FEDERAL	BA	NORDESTE	2007	ACADÊMICO	NÃO	4	DOUTORADO	2007	NÃO	7	6	1	0	9	0	9	9	0	0	0	0	0	0	0	9	0	3	0	2	4				0	0	0.5	0	0.75	0.67	0.5	0.67	0.5	0.57	0.43	171793	105505	AVALIAÇÃO
2019	28001010061P1	CIÊNCIA DA COMPUTAÇÃO	CIÊNCIA DA COMPUTAÇÃO	UFBA	UNIVERSIDADE FEDERAL DA BAHIA	UNIFACS;UEFS	FEDERAL	BA	NORDESTE	2007	ACADÊMICO	NÃO	4	DOUTORADO	2007	NÃO	6	6	0	0	4	0	4	4	0	0	0	0	0	0	0	4	0	3	0	0	1				0	0	0	0	3	0.17	0.5	0.17	0.5	0.17	0.5	171823	105499	AVALIAÇÃO
2020	28001010061P1	CIÊNCIA DA COMPUTAÇÃO	CIÊNCIA DA COMPUTAÇÃO	UFBA	UNIVERSIDADE FEDERAL DA BAHIA	UNIFACS;UEFS	FEDERAL	BA	NORDESTE	2007	ACADÊMICO	NÃO	4	DOUTORADO	2007	NÃO	7	7	0	0	1	0	1	1	0	0	0	0	0	0	0	1	0	0	0	0	1				0	0	0	0	0	0.14	0	0.14	0	0.14	0	199642	131793	AVALIAÇÃO
2017	28001010095P3	CIÊNCIA DA COMPUTAÇÃO	CIÊNCIA DA COMPUTAÇÃO	UFBA	UNIVERSIDADE FEDERAL DA BAHIA		FEDERAL	BA	NORDESTE	2014	ACADÊMICO	NÃO	4	MESTRADO/DOUTORADO	2014/2014	NÃO	38	29	9	0	263	199	65	264	150	49	15	0	16	0	168	50	15	1	0	1	63	0.1	0	0.09	5.79	0.52	0.02	0	0.02	2.17	0.03	7.97	0.55	6.08	0.42	177620	110194	AVALIAÇÃO
2018	28001010095P3	CIÊNCIA DA COMPUTAÇÃO	CIÊNCIA DA COMPUTAÇÃO	UFBA	UNIVERSIDADE FEDERAL DA BAHIA		FEDERAL	BA	NORDESTE	2014	ACADÊMICO	NÃO	4	MESTRADO/DOUTORADO	2014/2014	NÃO	38	29	9	0	282	215	72	287	168	47	34	3	20	0	158	63	9	1	0	1	70	0.13	0.02	0.22	5.45	1.17	0.01	0	0.01	2.41	0.03	7.86	1.21	6	0.92	177673	110218	AVALIAÇÃO
2019	28001010095P3	CIÊNCIA DA COMPUTAÇÃO	CIÊNCIA DA COMPUTAÇÃO	UFBA	UNIVERSIDADE FEDERAL DA BAHIA		FEDERAL	BA	NORDESTE	2014	ACADÊMICO	NÃO	4	MESTRADO/DOUTORADO	2014/2014	NÃO	38	27	11	0	277	191	89	280	156	35	24	8	28	0	131	70	19	4	1	4	80	0.21	0.06	0.18	4.85	0.89	0.05	0.01	0.05	2.96	0.15	7.81	1.04	5.55	0.74	177710	110231	AVALIAÇÃO
2020	28001010095P3	CIÊNCIA DA COMPUTAÇÃO	CIÊNCIA DA COMPUTAÇÃO	UFBA	UNIVERSIDADE FEDERAL DA BAHIA		FEDERAL	BA	NORDESTE	2014	ACADÊMICO	NÃO	4	MESTRADO/DOUTORADO	2014/2014	NÃO	37	27	10	0	253	158	98	256	131	27	27	0	0	0	131	81	17	10	0	1	87	0	0	0.21	4.85	1	0.01	0	0.11	3.22	0.37	8.07	1.37	5.89	1	200428	132522	AVALIAÇÃO
2019	28002016020P6	CIÊNCIA DA COMPUTAÇÃO	CIÊNCIA DA COMPUTAÇÃO	UEFS	UNIVERSIDADE ESTADUAL DE FEIRA DE SANTANA		ESTADUAL	BA	NORDESTE	2019	ACADÊMICO	NÃO	A	MESTRADO	2019	NÃO	11	10	1	0	19	19	0	19	0	19	0	1	0	0	18	0	0	0	0	0	0	0	0.06	0	1.8	0				0	0	1.8	0	1.64	0	168125	102054	AVALIAÇÃO
2020	28002016020P6	CIÊNCIA DA COMPUTAÇÃO	CIÊNCIA DA COMPUTAÇÃO	UEFS	UNIVERSIDADE ESTADUAL DE FEIRA DE SANTANA		ESTADUAL	BA	NORDESTE	2019	ACADÊMICO	NÃO	A	MESTRADO	2019	NÃO	13	11	2	0	31	31	0	31	18	13	0	3	0	0	28	0	0	0	0	0	0	0	0.11	0	2.55	0				0	0	2.55	0	2.15	0	203024	134583	AVALIAÇÃO
2017	28013018005P5	SISTEMAS E COMPUTAÇÃO	TELEINFORMÁTICA	UNIFACS	UNIVERSIDADE SALVADOR		PARTICULAR	BA	NORDESTE	2006	ACADÊMICO	NÃO	3	MESTRADO	2006	NÃO	12	12	0	0	52	52	0	52	41	11	8	1	3	0	40	0	0	0	0	0	0	0.08	0.03	0.2	3.33	0.67				0	0	3.33	0.67	3.33	0.67	169638	103446	AVALIAÇÃO
2018	28013018005P5	SISTEMAS E COMPUTAÇÃO	TELEINFORMÁTICA	UNIFACS	UNIVERSIDADE SALVADOR		PARTICULAR	BA	NORDESTE	2006	ACADÊMICO	NÃO	3	MESTRADO	2006	NÃO	11	11	0	0	52	52	0	52	40	12	16	0	2	0	34	0	0	0	0	0	0	0.06	0	0.47	3.09	1.45				0	0	3.09	1.45	3.09	1.45	171321	105038	AVALIAÇÃO
2019	28013018005P5	SISTEMAS E COMPUTAÇÃO	TELEINFORMÁTICA	UNIFACS	UNIVERSIDADE SALVADOR		PARTICULAR	BA	NORDESTE	2006	ACADÊMICO	NÃO	3	MESTRADO	2006	NÃO	11	11	0	0	50	50	0	50	34	16	10	0	4	0	36	0	0	0	0	0	0	0.11	0	0.28	3.27	0.91				0	0	3.27	0.91	3.27	0.91	171326	105042	AVALIAÇÃO
2020	28013018005P5	SISTEMAS E COMPUTAÇÃO	TELEINFORMÁTICA	UNIFACS	UNIVERSIDADE SALVADOR		PARTICULAR	BA	NORDESTE	2006	ACADÊMICO	NÃO	3	MESTRADO	2006	NÃO	10	10	0	0	43	43	0	43	35	8	4	0	0	0	39	0	0	0	0	0	0	0	0	0.1	3.9	0.4				0	0	3.9	0.4	3.9	0.4	198520	130872	AVALIAÇÃO
2017	30001013007P0	INFORMÁTICA	CIÊNCIA DA COMPUTAÇÃO	UFES	UNIVERSIDADE FEDERAL DO ESPÍRITO SANTO		FEDERAL	ES	SUDESTE	1994	ACADÊMICO	NÃO	4	MESTRADO/DOUTORADO	1994/2010	NÃO	30	28	2	0	145	101	48	149	68	33	29	4	12	0	56	36	12	6	0	1	41	0.21	0.07	0.52	2	1.04	0.02	0	0.15	1.46	0.21	3.46	1.25	3.23	1.17	173452	106993	AVALIAÇÃO
2018	30001013007P0	INFORMÁTICA	CIÊNCIA DA COMPUTAÇÃO	UFES	UNIVERSIDADE FEDERAL DO ESPÍRITO SANTO		FEDERAL	ES	SUDESTE	1994	ACADÊMICO	NÃO	4	MESTRADO/DOUTORADO	1994/2010	NÃO	31	29	2	0	130	78	52	130	56	22	17	3	5	0	53	41	11	8	0	1	43	0.09	0.06	0.32	1.83	0.59	0.02	0	0.19	1.48	0.28	3.31	0.86	3.1	0.81	173428	106979	AVALIAÇÃO
2019	30001013007P0	INFORMÁTICA	CIÊNCIA DA COMPUTAÇÃO	UFES	UNIVERSIDADE FEDERAL DO ESPÍRITO SANTO		FEDERAL	ES	SUDESTE	1994	ACADÊMICO	NÃO	4	MESTRADO/DOUTORADO	1994/2010	NÃO	29	26	3	0	136	79	58	137	53	26	19	0	6	0	54	43	15	8	0	0	50	0.11	0	0.35	2.08	0.73	0	0	0.16	1.92	0.31	4	1.04	3.59	0.93	173386	106937	AVALIAÇÃO
2020	30001013007P0	INFORMÁTICA	CIÊNCIA DA COMPUTAÇÃO	UFES	UNIVERSIDADE FEDERAL DO ESPÍRITO SANTO		FEDERAL	ES	SUDESTE	1994	ACADÊMICO	NÃO	4	MESTRADO/DOUTORADO	1994/2010	NÃO	24	22	2	0	121	67	54	121	50	17	11	1	2	0	53	49	5	5	0	0	49	0.04	0.02	0.21	2.41	0.5	0	0	0.1	2.23	0.23	4.64	0.73	4.25	0.67	203525	135018	AVALIAÇÃO
2019	30004012075P4	COMPUTAÇÃO APLICADA	CIÊNCIA DA COMPUTAÇÃO	IFES	INSTITUTO FEDERAL DE EDUCAÇÃO, CIÊNCIA E TECNOLOGIA DO ESPÍRITO SANTO		FEDERAL	ES	SUDESTE	2019	PROFISSIONAL	NÃO	A	MESTRADO PROFISSIONAL	2019	NÃO	18	14	4	0	20	20	0	20	0	20	0	0	0	0	20	0	0	0	0	0	0	0	0	0	1.43	0				0	0	1.43	0	1.11	0	173319	106887	AVALIAÇÃO
2020	30004012075P4	COMPUTAÇÃO APLICADA	CIÊNCIA DA COMPUTAÇÃO	IFES	INSTITUTO FEDERAL DE EDUCAÇÃO, CIÊNCIA E TECNOLOGIA DO ESPÍRITO SANTO		FEDERAL	ES	SUDESTE	2019	PROFISSIONAL	NÃO	A	MESTRADO PROFISSIONAL	2019	NÃO	18	14	4	0	48	48	0	48	20	28	0	2	1	0	45	0	0	0	0	0	0	0.02	0.04	0	3.21	0				0	0	3.21	0	2.5	0	197957	130383	AVALIAÇÃO
2017	31001017004P3	ENGENHARIA DE SISTEMAS E COMPUTAÇÃO	SISTEMA DE COMPUTAÇÃO	UFRJ	UNIVERSIDADE FEDERAL DO RIO DE JANEIRO		FEDERAL	RJ	SUDESTE	1971	ACADÊMICO	NÃO	7	MESTRADO/DOUTORADO	1971/1971	NÃO	41	34	7	0	335	168	175	343	116	52	32	3	4	0	129	143	32	30	6	2	137	0.03	0.02	0.25	3.79	0.94	0.01	0.04	0.22	4.03	0.88	7.82	1.82	6.49	1.51	166539	100558	AVALIAÇÃO
2018	31001017004P3	ENGENHARIA DE SISTEMAS E COMPUTAÇÃO	SISTEMA DE COMPUTAÇÃO	UFRJ	UNIVERSIDADE FEDERAL DO RIO DE JANEIRO		FEDERAL	RJ	SUDESTE	1971	ACADÊMICO	NÃO	7	MESTRADO/DOUTORADO	1971/1971	NÃO	44	36	8	0	316	166	161	327	129	37	36	8	3	0	119	137	24	22	7	0	132	0.03	0.07	0.3	3.31	1	0	0.05	0.17	3.67	0.61	6.97	1.61	5.7	1.32	166811	100797	AVALIAÇÃO
2019	31001017004P3	ENGENHARIA DE SISTEMAS E COMPUTAÇÃO	SISTEMA DE COMPUTAÇÃO	UFRJ	UNIVERSIDADE FEDERAL DO RIO DE JANEIRO		FEDERAL	RJ	SUDESTE	1971	ACADÊMICO	NÃO	7	MESTRADO/DOUTORADO	1971/1971	NÃO	43	35	8	0	292	154	142	296	119	35	27	20	2	0	105	132	10	18	9	1	114	0.02	0.19	0.26	3	0.77	0.01	0.08	0.16	3.26	0.51	6.26	1.29	5.09	1.05	166938	100906	AVALIAÇÃO
2020	31001017004P3	ENGENHARIA DE SISTEMAS E COMPUTAÇÃO	SISTEMA DE COMPUTAÇÃO	UFRJ	UNIVERSIDADE FEDERAL DO RIO DE JANEIRO		FEDERAL	RJ	SUDESTE	1971	ACADÊMICO	NÃO	7	MESTRADO/DOUTORADO	1971/1971	NÃO	39	35	4	0	263	140	128	268	105	35	19	5	1	0	115	111	17	10	6	0	112	0.01	0.04	0.17	3.29	0.54	0	0.05	0.09	3.2	0.29	6.49	0.83	5.82	0.74	200740	132766	AVALIAÇÃO
2017	31001017110P8	INFORMÁTICA	CIÊNCIA DA COMPUTAÇÃO	UFRJ	UNIVERSIDADE FEDERAL DO RIO DE JANEIRO		FEDERAL	RJ	SUDESTE	1997	ACADÊMICO	NÃO	4	MESTRADO/DOUTORADO	1997/2010	NÃO	31	29	2	0	171	110	63	173	74	36	20	4	0	0	86	50	13	7	0	0	56	0	0.05	0.23	2.97	0.69	0	0	0.13	1.93	0.24	4.9	0.93	4.58	0.87	129540	66350	AVALIAÇÃO
2018	31001017110P8	INFORMÁTICA	CIÊNCIA DA COMPUTAÇÃO	UFRJ	UNIVERSIDADE FEDERAL DO RIO DE JANEIRO		FEDERAL	RJ	SUDESTE	1997	ACADÊMICO	NÃO	4	MESTRADO/DOUTORADO	1997/2010	NÃO	31	28	3	0	189	120	70	190	74	46	13	4	2	0	101	53	17	9	0	0	61	0.02	0.04	0.13	3.61	0.46	0	0	0.15	2.18	0.32	5.79	0.79	5.23	0.71	134751	70877	AVALIAÇÃO
2019	31001017110P8	INFORMÁTICA	CIÊNCIA DA COMPUTAÇÃO	UFRJ	UNIVERSIDADE FEDERAL DO RIO DE JANEIRO		FEDERAL	RJ	SUDESTE	1997	ACADÊMICO	NÃO	4	MESTRADO/DOUTORADO	1997/2010	NÃO	28	25	3	0	187	114	75	189	86	28	14	5	9	0	86	59	16	9	0	1	65	0.1	0.06	0.16	3.44	0.56	0.02	0	0.14	2.6	0.36	6.04	0.92	5.39	0.82	154665	88848	AVALIAÇÃO
2020	31001017110P8	INFORMÁTICA	CIÊNCIA DA COMPUTAÇÃO	UFRJ	UNIVERSIDADE FEDERAL DO RIO DE JANEIRO		FEDERAL	RJ	SUDESTE	1997	ACADÊMICO	NÃO	4	MESTRADO/DOUTORADO	1997/2010	NÃO	27	25	2	0	170	92	78	170	73	19	21	1	4	0	66	64	14	9	0	0	69	0.06	0.02	0.32	2.64	0.84	0	0	0.13	2.76	0.36	5.4	1.2	5	1.11	197217	129647	AVALIAÇÃO
2017	31003010046P4	COMPUTAÇÃO	CIÊNCIA DA COMPUTAÇÃO	UFF	UNIVERSIDADE FEDERAL FLUMINENSE		FEDERAL	RJ	SUDESTE	1995	ACADÊMICO	NÃO	6	MESTRADO/DOUTORADO	1995/2002	NÃO	42	41	1	0	275	168	114	282	119	49	24	11	14	0	119	92	22	27	1	3	83	0.12	0.09	0.2	2.9	0.59	0.04	0.01	0.33	2.02	0.66	4.93	1.24	4.81	1.21	129464	66314	AVALIAÇÃO
2018	31003010046P4	COMPUTAÇÃO	CIÊNCIA DA COMPUTAÇÃO	UFF	UNIVERSIDADE FEDERAL FLUMINENSE		FEDERAL	RJ	SUDESTE	1995	ACADÊMICO	NÃO	6	MESTRADO/DOUTORADO	1995/2002	NÃO	42	41	1	0	267	170	105	275	109	61	31	8	9	0	122	79	26	21	2	6	76	0.07	0.07	0.25	2.98	0.76	0.08	0.03	0.28	1.85	0.51	4.83	1.27	4.71	1.24	137904	73790	AVALIAÇÃO
2019	31003010046P4	COMPUTAÇÃO	CIÊNCIA DA COMPUTAÇÃO	UFF	UNIVERSIDADE FEDERAL FLUMINENSE		FEDERAL	RJ	SUDESTE	1995	ACADÊMICO	NÃO	6	MESTRADO/DOUTORADO	1995/2002	NÃO	45	38	7	0	292	195	111	306	120	75	46	13	17	0	119	76	35	12	3	3	93	0.14	0.11	0.39	3.13	1.21	0.03	0.03	0.13	2.45	0.32	5.58	1.53	4.71	1.29	155767	91124	AVALIAÇÃO
2020	31003010046P4	COMPUTAÇÃO	CIÊNCIA DA COMPUTAÇÃO	UFF	UNIVERSIDADE FEDERAL FLUMINENSE		FEDERAL	RJ	SUDESTE	1995	ACADÊMICO	NÃO	6	MESTRADO/DOUTORADO	1995/2002	NÃO	44	40	4	0	294	183	127	310	117	66	26	3	16	0	138	92	35	7	1	3	116	0.12	0.02	0.19	3.45	0.65	0.03	0.01	0.06	2.9	0.18	6.35	0.83	5.77	0.75	197723	130149	AVALIAÇÃO
2017	31005012004P9	INFORMÁTICA	CIÊNCIA DA COMPUTAÇÃO	PUC-RIO	PONTIFÍCIA UNIVERSIDADE CATÓLICA DO RIO DE JANEIRO		PARTICULAR	RJ	SUDESTE	1967	ACADÊMICO	NÃO	7	MESTRADO/DOUTORADO	1967/1975	NÃO	25	24	1	0	211	117	107	224	79	38	22	3	4	1	87	91	16	18	1	2	86	0.05	0.03	0.25	3.63	0.92	0.02	0.01	0.21	3.58	0.75	7.21	1.67	6.92	1.6	169978	103783	AVALIAÇÃO
2018	31005012004P9	INFORMÁTICA	CIÊNCIA DA COMPUTAÇÃO	PUC-RIO	PONTIFÍCIA UNIVERSIDADE CATÓLICA DO RIO DE JANEIRO		PARTICULAR	RJ	SUDESTE	1967	ACADÊMICO	NÃO	7	MESTRADO/DOUTORADO	1967/1975	NÃO	27	26	1	0	239	144	107	251	87	57	36	0	3	1	104	86	21	14	0	1	92	0.03	0	0.35	4	1.38	0.01	0	0.15	3.54	0.54	7.54	1.92	7.26	1.85	169979	103784	AVALIAÇÃO
2019	31005012004P9	INFORMÁTICA	CIÊNCIA DA COMPUTAÇÃO	PUC-RIO	PONTIFÍCIA UNIVERSIDADE CATÓLICA DO RIO DE JANEIRO		PARTICULAR	RJ	SUDESTE	1967	ACADÊMICO	NÃO	7	MESTRADO/DOUTORADO	1967/1975	NÃO	24	22	2	0	255	156	109	265	104	52	35	0	3	0	118	92	17	13	0	1	95	0.03	0	0.3	5.36	1.59	0.01	0	0.14	4.32	0.59	9.68	2.18	8.88	2	170002	103787	AVALIAÇÃO
2020	31005012004P9	INFORMÁTICA	CIÊNCIA DA COMPUTAÇÃO	PUC-RIO	PONTIFÍCIA UNIVERSIDADE CATÓLICA DO RIO DE JANEIRO		PARTICULAR	RJ	SUDESTE	1967	ACADÊMICO	NÃO	7	MESTRADO/DOUTORADO	1967/1975	NÃO	23	21	2	0	208	119	95	214	83	36	23	3	1	0	92	84	11	15	3	1	76	0.01	0.03	0.25	4.38	1.1	0.01	0.04	0.2	3.62	0.71	8	1.81	7.3	1.65	202852	134415	AVALIAÇÃO
2017	31007015009P3	SISTEMAS E COMPUTAÇÃO	CIÊNCIA DA COMPUTAÇÃO	IME	INSTITUTO MILITAR DE ENGENHARIA		FEDERAL	RJ	SUDESTE	1971	ACADÊMICO	NÃO	3	MESTRADO	1971	NÃO	11	10	1	0	55	55	0	55	31	24	14	0	7	0	34	0	0	0	0	0	0	0.21	0	0.41	3.4	1.4				0	0	3.4	1.4	3.09	1.27	172710	106393	AVALIAÇÃO
2018	31007015009P3	SISTEMAS E COMPUTAÇÃO	CIÊNCIA DA COMPUTAÇÃO	IME	INSTITUTO MILITAR DE ENGENHARIA		FEDERAL	RJ	SUDESTE	1971	ACADÊMICO	NÃO	3	MESTRADO	1971	NÃO	11	10	1	0	53	53	0	53	34	19	15	0	6	0	32	0	0	0	0	0	0	0.19	0	0.47	3.2	1.5				0	0	3.2	1.5	2.91	1.36	172760	106453	AVALIAÇÃO
2019	31007015009P3	SISTEMAS E COMPUTAÇÃO	CIÊNCIA DA COMPUTAÇÃO	IME	INSTITUTO MILITAR DE ENGENHARIA		FEDERAL	RJ	SUDESTE	1971	ACADÊMICO	NÃO	3	MESTRADO	1971	NÃO	11	10	1	0	57	57	0	57	32	25	7	1	7	0	42	0	0	0	0	0	0	0.17	0.02	0.17	4.2	0.7				0	0	4.2	0.7	3.82	0.64	172779	106441	AVALIAÇÃO
2020	31007015009P3	SISTEMAS E COMPUTAÇÃO	CIÊNCIA DA COMPUTAÇÃO	IME	INSTITUTO MILITAR DE ENGENHARIA		FEDERAL	RJ	SUDESTE	1971	ACADÊMICO	NÃO	3	MESTRADO	1971	NÃO	12	10	2	0	58	58	0	58	42	16	18	0	0	0	40	0	0	0	0	0	0	0	0	0.45	4	1.8				0	0	4	1.8	3.33	1.5	198107	130470	AVALIAÇÃO
2017	31021018009P9	INFORMÁTICA	CIÊNCIA DA COMPUTAÇÃO	UNIRIO	UNIVERSIDADE FEDERAL DO ESTADO DO RIO DE JANEIRO		FEDERAL	RJ	SUDESTE	2007	ACADÊMICO	NÃO	4	MESTRADO/DOUTORADO	2007/2014	NÃO	20	18	2	0	136	86	51	137	52	34	21	3	1	0	61	32	19	0	0	2	49	0.02	0.05	0.34	3.39	1.17	0.04	0	0	2.72	0	6.11	1.17	5.5	1.05	167466	101377	AVALIAÇÃO
2018	31021018009P9	INFORMÁTICA	CIÊNCIA DA COMPUTAÇÃO	UNIRIO	UNIVERSIDADE FEDERAL DO ESTADO DO RIO DE JANEIRO		FEDERAL	RJ	SUDESTE	2007	ACADÊMICO	NÃO	4	MESTRADO/DOUTORADO	2007/2014	NÃO	20	16	2	2	149	89	61	150	61	28	21	0	20	0	48	49	12	1	0	5	55	0.42	0	0.44	3	1.31	0.09	0	0.02	3.44	0.06	6.44	1.38	5.15	1.1	167630	101539	AVALIAÇÃO
2019	31021018009P9	INFORMÁTICA	CIÊNCIA DA COMPUTAÇÃO	UNIRIO	UNIVERSIDADE FEDERAL DO ESTADO DO RIO DE JANEIRO		FEDERAL	RJ	SUDESTE	2007	ACADÊMICO	NÃO	4	MESTRADO/DOUTORADO	2007/2014	NÃO	16	12	2	2	124	63	65	128	48	15	13	2	5	0	43	55	10	8	6	5	46	0.12	0.05	0.3	3.58	1.08	0.11	0.13	0.17	3.83	0.67	7.42	1.75	5.56	1.31	167667	101570	AVALIAÇÃO
2020	31021018009P9	INFORMÁTICA	CIÊNCIA DA COMPUTAÇÃO	UNIRIO	UNIVERSIDADE FEDERAL DO ESTADO DO RIO DE JANEIRO		FEDERAL	RJ	SUDESTE	2007	ACADÊMICO	NÃO	4	MESTRADO/DOUTORADO	2007/2014	NÃO	18	14	3	1	126	64	63	127	42	22	19	0	6	0	39	46	17	5	3	1	54	0.15	0	0.49	2.79	1.36	0.02	0.06	0.09	3.86	0.36	6.64	1.71	5.17	1.33	203107	134663	AVALIAÇÃO
2017	31022014009P5	CIÊNCIA DA COMPUTAÇÃO	CIÊNCIA DA COMPUTAÇÃO	CEFET/RJ	CENTRO FEDERAL DE EDUCAÇÃO TECN. CELSO SUCKOW DA FONSECA		FEDERAL	RJ	SUDESTE	2016	ACADÊMICO	NÃO	3	MESTRADO	2016	NÃO	12	12	0	0	27	27	0	27	10	17	0	0	3	0	24	0	0	0	0	0	0	0.13	0	0	2	0				0	0	2	0	2	0	167247	101155	AVALIAÇÃO
2018	31022014009P5	CIÊNCIA DA COMPUTAÇÃO	CIÊNCIA DA COMPUTAÇÃO	CEFET/RJ	CENTRO FEDERAL DE EDUCAÇÃO TECN. CELSO SUCKOW DA FONSECA		FEDERAL	RJ	SUDESTE	2016	ACADÊMICO	NÃO	3	MESTRADO	2016	NÃO	14	12	2	0	55	55	0	55	24	31	3	0	9	0	43	0	0	0	0	0	0	0.21	0	0.07	3.58	0.25				0	0	3.58	0.25	3.07	0.21	167264	101175	AVALIAÇÃO
2019	31022014009P5	CIÊNCIA DA COMPUTAÇÃO	CIÊNCIA DA COMPUTAÇÃO	CEFET/RJ	CENTRO FEDERAL DE EDUCAÇÃO TECN. CELSO SUCKOW DA FONSECA		FEDERAL	RJ	SUDESTE	2016	ACADÊMICO	NÃO	3	MESTRADO	2016	NÃO	15	14	1	0	68	68	0	68	42	26	11	0	7	0	50	0	0	0	0	0	0	0.14	0	0.22	3.57	0.79				0	0	3.57	0.79	3.33	0.73	167267	101178	AVALIAÇÃO
2020	31022014009P5	CIÊNCIA DA COMPUTAÇÃO	CIÊNCIA DA COMPUTAÇÃO	CEFET/RJ	CENTRO FEDERAL DE EDUCAÇÃO TECN. CELSO SUCKOW DA FONSECA		FEDERAL	RJ	SUDESTE	2016	ACADÊMICO	NÃO	3	MESTRADO	2016	NÃO	16	14	2	0	78	78	0	78	50	28	20	0	0	0	58	0	0	0	0	0	0	0	0	0.34	4.14	1.43				0	0	4.14	1.43	3.63	1.25	197444	129872	AVALIAÇÃO
2017	32001010004P6	CIÊNCIAS DA COMPUTAÇÃO	CIÊNCIA DA COMPUTAÇÃO	UFMG	UNIVERSIDADE FEDERAL DE MINAS GERAIS		FEDERAL	MG	SUDESTE	1974	ACADÊMICO	NÃO	7	MESTRADO/DOUTORADO	1974/1990	NÃO	54	49	5	0	400	239	174	413	161	78	65	2	7	0	165	144	30	10	3	6	155	0.04	0.01	0.39	3.37	1.33	0.04	0.02	0.06	3.16	0.2	6.53	1.53	5.93	1.39	171086	104829	AVALIAÇÃO
2018	32001010004P6	CIÊNCIAS DA COMPUTAÇÃO	CIÊNCIA DA COMPUTAÇÃO	UFMG	UNIVERSIDADE FEDERAL DE MINAS GERAIS		FEDERAL	MG	SUDESTE	1974	ACADÊMICO	NÃO	7	MESTRADO/DOUTORADO	1974/1990	NÃO	57	52	5	0	414	242	183	425	165	77	57	5	6	0	174	155	28	10	4	0	169	0.03	0.03	0.33	3.35	1.1	0	0.02	0.06	3.25	0.19	6.6	1.29	6.02	1.18	171115	104866	AVALIAÇÃO
2019	32001010004P6	CIÊNCIAS DA COMPUTAÇÃO	CIÊNCIA DA COMPUTAÇÃO	UFMG	UNIVERSIDADE FEDERAL DE MINAS GERAIS		FEDERAL	MG	SUDESTE	1974	ACADÊMICO	NÃO	7	MESTRADO/DOUTORADO	1974/1990	NÃO	63	56	7	0	429	253	181	434	174	79	52	5	6	0	190	169	12	19	2	4	156	0.03	0.03	0.27	3.39	0.93	0.03	0.01	0.12	2.79	0.34	6.18	1.27	5.49	1.13	171151	104882	AVALIAÇÃO
2020	32001010004P6	CIÊNCIAS DA COMPUTAÇÃO	CIÊNCIA DA COMPUTAÇÃO	UFMG	UNIVERSIDADE FEDERAL DE MINAS GERAIS		FEDERAL	MG	SUDESTE	1974	ACADÊMICO	NÃO	7	MESTRADO/DOUTORADO	1974/1990	NÃO	63	58	5	0	437	265	178	443	190	75	52	11	1	0	201	156	22	19	1	4	154	0	0.05	0.26	3.47	0.9	0.03	0.01	0.12	2.66	0.33	6.12	1.22	5.63	1.13	200492	132582	AVALIAÇÃO
2017	32002017027P2	CIÊNCIA DA COMPUTAÇÃO	CIÊNCIA DA COMPUTAÇÃO	UFV	UNIVERSIDADE FEDERAL DE VIÇOSA		FEDERAL	MG	SUDESTE	2004	ACADÊMICO	NÃO	4	MESTRADO/DOUTORADO	2004/2019	NÃO	14	13	1	0	55	55	0	55	33	22	13	0	4	0	38	0	0	0	0	0	0	0.11	0	0.34	2.92	1				0	0	2.92	1	2.71	0.93	169928	103694	AVALIAÇÃO
2018	32002017027P2	CIÊNCIA DA COMPUTAÇÃO	CIÊNCIA DA COMPUTAÇÃO	UFV	UNIVERSIDADE FEDERAL DE VIÇOSA		FEDERAL	MG	SUDESTE	2004	ACADÊMICO	NÃO	4	MESTRADO/DOUTORADO	2004/2019	NÃO	18	14	4	0	54	54	0	54	38	16	16	0	3	0	35	0	0	0	0	0	0	0.09	0	0.46	2.5	1.14				0	0	2.5	1.14	1.94	0.89	170151	103930	AVALIAÇÃO
2019	32002017027P2	CIÊNCIA DA COMPUTAÇÃO	CIÊNCIA DA COMPUTAÇÃO	UFV	UNIVERSIDADE FEDERAL DE VIÇOSA		FEDERAL	MG	SUDESTE	2004	ACADÊMICO	NÃO	4	MESTRADO/DOUTORADO	2004/2019	NÃO	17	13	4	0	55	50	8	58	35	15	14	0	0	0	36	0	8	0	0	0	8	0	0	0.39	2.77	1.08	0	0	0	0.62	0	3.38	1.08	2.59	0.82	170316	104092	AVALIAÇÃO
2020	32002017027P2	CIÊNCIA DA COMPUTAÇÃO	CIÊNCIA DA COMPUTAÇÃO	UFV	UNIVERSIDADE FEDERAL DE VIÇOSA		FEDERAL	MG	SUDESTE	2004	ACADÊMICO	NÃO	4	MESTRADO/DOUTORADO	2004/2019	NÃO	17	14	3	0	60	47	14	61	36	11	12	0	1	0	34	8	6	0	0	0	14	0.03	0	0.35	2.43	0.86	0	0	0	1	0	3.43	0.86	2.82	0.71	203174	134723	AVALIAÇÃO
2017	32003013008P4	CIÊNCIA E TECNOLOGIA DA COMPUTAÇÃO	CIÊNCIA DA COMPUTAÇÃO	UNIFEI	UNIVERSIDADE FEDERAL DE ITAJUBÁ		FEDERAL	MG	SUDESTE	2008	ACADÊMICO	NÃO	3	MESTRADO	2008	NÃO	20	12	8	0	50	50	0	50	35	15	15	0	1	0	34	0	0	0	0	0	0	0.03	0	0.44	2.83	1.25				0	0	2.83	1.25	1.7	0.75	168574	102490	AVALIAÇÃO
2018	32003013008P4	CIÊNCIA E TECNOLOGIA DA COMPUTAÇÃO	CIÊNCIA DA COMPUTAÇÃO	UNIFEI	UNIVERSIDADE FEDERAL DE ITAJUBÁ		FEDERAL	MG	SUDESTE	2008	ACADÊMICO	NÃO	3	MESTRADO	2008	NÃO	20	12	8	0	45	45	0	45	34	11	13	0	0	0	32	0	0	0	0	0	0	0	0	0.41	2.67	1.08				0	0	2.67	1.08	1.6	0.65	173342	106890	AVALIAÇÃO
2019	32003013008P4	CIÊNCIA E TECNOLOGIA DA COMPUTAÇÃO	CIÊNCIA DA COMPUTAÇÃO	UNIFEI	UNIVERSIDADE FEDERAL DE ITAJUBÁ		FEDERAL	MG	SUDESTE	2008	ACADÊMICO	NÃO	3	MESTRADO	2008	NÃO	15	11	4	0	52	52	0	52	31	21	11	0	11	0	30	0	0	0	0	0	0	0.37	0	0.37	2.73	1				0	0	2.73	1	2	0.73	173364	106915	AVALIAÇÃO
2020	32003013008P4	CIÊNCIA E TECNOLOGIA DA COMPUTAÇÃO	CIÊNCIA DA COMPUTAÇÃO	UNIFEI	UNIVERSIDADE FEDERAL DE ITAJUBÁ		FEDERAL	MG	SUDESTE	2008	ACADÊMICO	NÃO	3	MESTRADO	2008	NÃO	17	14	3	0	58	58	0	58	30	28	8	1	1	0	48	0	0	0	0	0	0	0.02	0.02	0.17	3.43	0.57				0	0	3.43	0.57	2.82	0.47	204469	135822	AVALIAÇÃO
2017	32004010027P9	CIÊNCIA DA COMPUTAÇÃO	CIÊNCIA DA COMPUTAÇÃO	UFLA	UNIVERSIDADE FEDERAL DE LAVRAS		FEDERAL	MG	SUDESTE	2012	ACADÊMICO	NÃO	3	MESTRADO	2012	NÃO	15	12	3	0	38	38	0	38	25	13	9	4	0	0	25	0	0	0	0	0	0	0	0.16	0.36	2.08	0.75				0	0	2.08	0.75	1.67	0.6	176005	108999	AVALIAÇÃO
2018	32004010027P9	CIÊNCIA DA COMPUTAÇÃO	CIÊNCIA DA COMPUTAÇÃO	UFLA	UNIVERSIDADE FEDERAL DE LAVRAS		FEDERAL	MG	SUDESTE	2012	ACADÊMICO	NÃO	3	MESTRADO	2012	NÃO	13	12	1	0	61	61	0	61	25	36	10	0	6	0	45	0	0	0	0	0	0	0.13	0	0.22	3.75	0.83				0	0	3.75	0.83	3.46	0.77	176331	109179	AVALIAÇÃO
2019	32004010027P9	CIÊNCIA DA COMPUTAÇÃO	CIÊNCIA DA COMPUTAÇÃO	UFLA	UNIVERSIDADE FEDERAL DE LAVRAS		FEDERAL	MG	SUDESTE	2012	ACADÊMICO	NÃO	3	MESTRADO	2012	NÃO	15	13	2	0	59	59	0	59	44	15	9	3	6	0	41	0	0	0	0	0	0	0.15	0.07	0.22	3.15	0.69				0	0	3.15	0.69	2.73	0.6	176482	109248	AVALIAÇÃO
2020	32004010027P9	CIÊNCIA DA COMPUTAÇÃO	CIÊNCIA DA COMPUTAÇÃO	UFLA	UNIVERSIDADE FEDERAL DE LAVRAS		FEDERAL	MG	SUDESTE	2012	ACADÊMICO	NÃO	3	MESTRADO	2012	NÃO	16	13	3	0	57	57	0	57	41	16	16	1	8	0	32	0	0	0	0	0	0	0.25	0.03	0.5	2.46	1.23				0	0	2.46	1.23	2	1	198935	131217	AVALIAÇÃO
2017	32005016034P8	CIÊNCIA DA COMPUTAÇÃO	CIÊNCIA DA COMPUTAÇÃO	UFJF	UNIVERSIDADE FEDERAL DE JUIZ DE FORA		FEDERAL	MG	SUDESTE	2011	ACADÊMICO	NÃO	3	MESTRADO	2011	NÃO	21	16	5	0	65	65	0	65	34	31	12	2	3	0	48	0	0	0	0	0	0	0.06	0.04	0.25	3	0.75				0	0	3	0.75	2.29	0.57	133167	69539	AVALIAÇÃO
2018	32005016034P8	CIÊNCIA DA COMPUTAÇÃO	CIÊNCIA DA COMPUTAÇÃO	UFJF	UNIVERSIDADE FEDERAL DE JUIZ DE FORA		FEDERAL	MG	SUDESTE	2011	ACADÊMICO	NÃO	3	MESTRADO	2011	NÃO	25	11	13	1	76	76	0	76	47	29	21	5	3	0	47	0	0	0	0	0	0	0.06	0.11	0.45	4.27	1.91				0	0	4.27	1.91	1.88	0.84	135722	71779	AVALIAÇÃO
2019	32005016034P8	CIÊNCIA DA COMPUTAÇÃO	CIÊNCIA DA COMPUTAÇÃO	UFJF	UNIVERSIDADE FEDERAL DE JUIZ DE FORA		FEDERAL	MG	SUDESTE	2011	ACADÊMICO	NÃO	3	MESTRADO	2011	NÃO	16	11	4	1	74	74	0	74	44	30	24	5	0	0	45	0	0	0	0	0	0	0	0.11	0.53	4.09	2.18				0	0	4.09	2.18	2.81	1.5	152080	86806	AVALIAÇÃO
2020	32005016034P8	CIÊNCIA DA COMPUTAÇÃO	CIÊNCIA DA COMPUTAÇÃO	UFJF	UNIVERSIDADE FEDERAL DE JUIZ DE FORA		FEDERAL	MG	SUDESTE	2011	ACADÊMICO	NÃO	3	MESTRADO	2011	NÃO	16	13	2	1	65	65	0	65	45	20	10	0	0	0	55	0	0	0	0	0	0	0	0	0.18	4.23	0.77				0	0	4.23	0.77	3.44	0.63	198530	130891	AVALIAÇÃO
2017	32006012017P2	CIÊNCIA DA COMPUTAÇÃO	CIÊNCIA DA COMPUTAÇÃO	UFU	UNIVERSIDADE FEDERAL DE UBERLÂNDIA		FEDERAL	MG	SUDESTE	2001	ACADÊMICO	NÃO	4	MESTRADO/DOUTORADO	2001/2012	NÃO	32	32	0	0	136	71	69	140	46	25	19	0	14	0	38	55	14	13	0	3	53	0.37	0	0.5	1.19	0.59	0.06	0	0.25	1.66	0.41	2.84	1	2.84	1	177958	110456	AVALIAÇÃO
2018	32006012017P2	CIÊNCIA DA COMPUTAÇÃO	CIÊNCIA DA COMPUTAÇÃO	UFU	UNIVERSIDADE FEDERAL DE UBERLÂNDIA		FEDERAL	MG	SUDESTE	2001	ACADÊMICO	NÃO	4	MESTRADO/DOUTORADO	2001/2012	NÃO	32	32	0	0	139	80	60	140	38	42	12	0	11	0	57	53	7	8	0	4	48	0.19	0	0.21	1.78	0.38	0.08	0	0.17	1.5	0.25	3.28	0.63	3.28	0.63	177977	110476	AVALIAÇÃO
2019	32006012017P2	CIÊNCIA DA COMPUTAÇÃO	CIÊNCIA DA COMPUTAÇÃO	UFU	UNIVERSIDADE FEDERAL DE UBERLÂNDIA		FEDERAL	MG	SUDESTE	2001	ACADÊMICO	NÃO	4	MESTRADO/DOUTORADO	2001/2012	NÃO	34	27	7	0	149	94	59	153	56	38	14	1	11	0	68	48	11	8	0	3	48	0.16	0.01	0.21	2.52	0.52	0.06	0	0.17	1.78	0.3	4.3	0.81	3.41	0.65	177981	110480	AVALIAÇÃO
2020	32006012017P2	CIÊNCIA DA COMPUTAÇÃO	CIÊNCIA DA COMPUTAÇÃO	UFU	UNIVERSIDADE FEDERAL DE UBERLÂNDIA		FEDERAL	MG	SUDESTE	2001	ACADÊMICO	NÃO	4	MESTRADO/DOUTORADO	2001/2012	NÃO	34	27	7	0	142	88	56	144	68	20	20	3	8	0	57	48	8	9	1	0	46	0.14	0.05	0.35	2.11	0.74	0	0.02	0.2	1.7	0.33	3.81	1.07	3.03	0.85	204963	136262	AVALIAÇÃO
2017	32007019023P9	CIÊNCIA DA COMPUTAÇÃO	CIÊNCIA DA COMPUTAÇÃO	UFOP	UNIVERSIDADE FEDERAL DE OURO PRETO		FEDERAL	MG	SUDESTE	2010	ACADÊMICO	NÃO	4	MESTRADO/DOUTORADO	2010/2015	NÃO	18	14	4	0	61	43	18	61	29	14	11	0	5	0	27	16	2	0	0	0	18	0.19	0	0.41	1.93	0.79	0	0	0	1.29	0	3.21	0.79	2.5	0.61	130322	67120	AVALIAÇÃO
2018	32007019023P9	CIÊNCIA DA COMPUTAÇÃO	CIÊNCIA DA COMPUTAÇÃO	UFOP	UNIVERSIDADE FEDERAL DE OURO PRETO		FEDERAL	MG	SUDESTE	2010	ACADÊMICO	NÃO	4	MESTRADO/DOUTORADO	2010/2015	NÃO	17	15	2	0	75	48	31	79	30	18	17	1	1	0	29	22	9	1	0	0	30	0.03	0.03	0.59	1.93	1.13	0	0	0.03	2	0.07	3.93	1.2	3.47	1.06	139797	75321	AVALIAÇÃO
2019	32007019023P9	CIÊNCIA DA COMPUTAÇÃO	CIÊNCIA DA COMPUTAÇÃO	UFOP	UNIVERSIDADE FEDERAL DE OURO PRETO		FEDERAL	MG	SUDESTE	2010	ACADÊMICO	NÃO	4	MESTRADO/DOUTORADO	2010/2015	NÃO	21	18	3	0	73	37	39	76	27	10	7	0	6	0	24	29	10	4	0	2	33	0.25	0	0.29	1.33	0.39	0.06	0	0.12	1.83	0.22	3.17	0.61	2.71	0.52	154783	89146	AVALIAÇÃO
2020	32007019023P9	CIÊNCIA DA COMPUTAÇÃO	CIÊNCIA DA COMPUTAÇÃO	UFOP	UNIVERSIDADE FEDERAL DE OURO PRETO		FEDERAL	MG	SUDESTE	2010	ACADÊMICO	NÃO	4	MESTRADO/DOUTORADO	2010/2015	NÃO	19	17	2	0	80	43	40	83	22	21	5	2	4	0	32	32	8	6	1	0	33	0.13	0.06	0.16	1.88	0.29	0	0.03	0.18	1.94	0.35	3.82	0.65	3.42	0.58	202512	134182	AVALIAÇÃO
2017	32008015011P7	INFORMÁTICA	CIÊNCIA DA COMPUTAÇÃO	PUC/MG	PONTIFÍCIA UNIVERSIDADE CATÓLICA DE MINAS GERAIS		PARTICULAR	MG	SUDESTE	2005	ACADÊMICO	NÃO	4	MESTRADO/DOUTORADO	2005/2016	NÃO	12	11	1	0	61	45	16	61	31	14	13	0	1	0	31	10	6	0	1	0	15	0.03	0	0.42	2.82	1.18	0	0.07	0	1.36	0	4.18	1.18	3.83	1.08	164150	98084	AVALIAÇÃO
2018	32008015011P7	INFORMÁTICA	CIÊNCIA DA COMPUTAÇÃO	PUC/MG	PONTIFÍCIA UNIVERSIDADE CATÓLICA DE MINAS GERAIS		PARTICULAR	MG	SUDESTE	2005	ACADÊMICO	NÃO	4	MESTRADO/DOUTORADO	2005/2016	NÃO	12	11	1	0	69	50	20	70	31	19	10	3	3	0	34	15	5	0	1	0	19	0.09	0.09	0.29	3.09	0.91	0	0.05	0	1.73	0	4.82	0.91	4.42	0.83	164174	98104	AVALIAÇÃO
2019	32008015011P7	INFORMÁTICA	CIÊNCIA DA COMPUTAÇÃO	PUC/MG	PONTIFÍCIA UNIVERSIDADE CATÓLICA DE MINAS GERAIS		PARTICULAR	MG	SUDESTE	2005	ACADÊMICO	NÃO	4	MESTRADO/DOUTORADO	2005/2016	NÃO	12	12	0	0	72	50	23	73	34	16	9	5	2	0	34	19	4	0	0	0	23	0.06	0.15	0.26	2.83	0.75	0	0	0	1.92	0	4.75	0.75	4.75	0.75	164173	98103	AVALIAÇÃO
2020	32008015011P7	INFORMÁTICA	CIÊNCIA DA COMPUTAÇÃO	PUC/MG	PONTIFÍCIA UNIVERSIDADE CATÓLICA DE MINAS GERAIS		PARTICULAR	MG	SUDESTE	2005	ACADÊMICO	NÃO	4	MESTRADO/DOUTORADO	2005/2016	NÃO	12	12	0	0	72	47	26	73	34	13	13	2	0	0	32	23	3	1	0	0	25	0	0.06	0.41	2.67	1.08	0	0	0.04	2.08	0.08	4.75	1.17	4.75	1.17	201011	132991	AVALIAÇÃO
2017	32018010044P4	CIÊNCIA DA COMPUTAÇÃO	CIÊNCIA DA COMPUTAÇÃO	UFSJ	UNIVERSIDADE FEDERAL DE SÃO JOÃO DEL-REI		FEDERAL	MG	SUDESTE	2017	ACADÊMICO	NÃO	3	MESTRADO	2017	NÃO	11	11	0	0	11	11	0	11	0	11	0	0	0	0	11	0	0	0	0	0	0	0	0	0	1	0				0	0	1	0	1	0	168039	101968	AVALIAÇÃO
2018	32018010044P4	CIÊNCIA DA COMPUTAÇÃO	CIÊNCIA DA COMPUTAÇÃO	UFSJ	UNIVERSIDADE FEDERAL DE SÃO JOÃO DEL-REI		FEDERAL	MG	SUDESTE	2017	ACADÊMICO	NÃO	3	MESTRADO	2017	NÃO	12	12	0	0	25	25	0	25	11	14	0	0	0	0	25	0	0	0	0	0	0	0	0	0	2.08	0				0	0	2.08	0	2.08	0	169245	103102	AVALIAÇÃO
2019	32018010044P4	CIÊNCIA DA COMPUTAÇÃO	CIÊNCIA DA COMPUTAÇÃO	UFSJ	UNIVERSIDADE FEDERAL DE SÃO JOÃO DEL-REI		FEDERAL	MG	SUDESTE	2017	ACADÊMICO	NÃO	3	MESTRADO	2017	NÃO	12	12	0	0	36	36	0	36	25	11	3	2	1	0	30	0	0	0	0	0	0	0.03	0.07	0.1	2.5	0.25				0	0	2.5	0.25	2.5	0.25	169295	103150	AVALIAÇÃO
2020	32018010044P4	CIÊNCIA DA COMPUTAÇÃO	CIÊNCIA DA COMPUTAÇÃO	UFSJ	UNIVERSIDADE FEDERAL DE SÃO JOÃO DEL-REI		FEDERAL	MG	SUDESTE	2017	ACADÊMICO	NÃO	3	MESTRADO	2017	NÃO	14	13	1	0	35	35	0	35	29	6	8	0	0	0	27	0	0	0	0	0	0	0	0	0.3	2.08	0.62				0	0	2.08	0.62	1.93	0.57	198901	131203	AVALIAÇÃO
2017	33001014008P4	CIÊNCIA DA COMPUTAÇÃO	CIÊNCIA DA COMPUTAÇÃO	UFSCAR	UNIVERSIDADE FEDERAL DE SÃO CARLOS		FEDERAL	SP	SUDESTE	1988	ACADÊMICO	NÃO	4	MESTRADO/DOUTORADO	1988/2009	NÃO	45	36	9	0	219	152	67	219	110	42	25	4	8	0	115	57	10	7	2	0	58	0.07	0.03	0.22	3.19	0.69	0	0.03	0.12	1.61	0.19	4.81	0.89	3.84	0.71	167944	101873	AVALIAÇÃO
2018	33001014008P4	CIÊNCIA DA COMPUTAÇÃO	CIÊNCIA DA COMPUTAÇÃO	UFSCAR	UNIVERSIDADE FEDERAL DE SÃO CARLOS		FEDERAL	SP	SUDESTE	1988	ACADÊMICO	NÃO	4	MESTRADO/DOUTORADO	1988/2009	NÃO	43	35	8	0	208	143	67	210	115	28	42	6	5	0	90	58	9	5	3	0	59	0.06	0.07	0.47	2.57	1.2	0	0.05	0.08	1.69	0.14	4.26	1.34	3.47	1.09	168157	102092	AVALIAÇÃO
2019	33001014008P4	CIÊNCIA DA COMPUTAÇÃO	CIÊNCIA DA COMPUTAÇÃO	UFSCAR	UNIVERSIDADE FEDERAL DE SÃO CARLOS		FEDERAL	SP	SUDESTE	1988	ACADÊMICO	NÃO	4	MESTRADO/DOUTORADO	1988/2009	NÃO	41	29	12	0	184	110	74	184	90	20	27	2	10	0	71	58	16	10	1	4	59	0.14	0.03	0.38	2.45	0.93	0.07	0.02	0.17	2.03	0.34	4.48	1.28	3.17	0.9	168217	102151	AVALIAÇÃO
2020	33001014008P4	CIÊNCIA DA COMPUTAÇÃO	CIÊNCIA DA COMPUTAÇÃO	UFSCAR	UNIVERSIDADE FEDERAL DE SÃO CARLOS		FEDERAL	SP	SUDESTE	1988	ACADÊMICO	NÃO	4	MESTRADO/DOUTORADO	1988/2009	NÃO	34	24	10	0	151	87	67	154	70	17	23	2	1	1	60	59	8	14	0	1	52	0.02	0.03	0.38	2.5	0.96	0.02	0	0.27	2.17	0.58	4.67	1.54	3.29	1.09	198847	131142	AVALIAÇÃO
2017	33001014044P0	CIÊNCIA DA COMPUTAÇÃO	CIÊNCIA DA COMPUTAÇÃO	UFSCAR	UNIVERSIDADE FEDERAL DE SÃO CARLOS		FEDERAL	SP	SUDESTE	2012	ACADÊMICO	NÃO	3	MESTRADO	2012	NÃO	12	10	2	0	39	39	0	39	32	7	13	1	2	0	23	0	0	0	0	0	0	0.09	0.04	0.57	2.3	1.3				0	0	2.3	1.3	1.92	1.08	176487	109253	AVALIAÇÃO
2018	33001014044P0	CIÊNCIA DA COMPUTAÇÃO	CIÊNCIA DA COMPUTAÇÃO	UFSCAR	UNIVERSIDADE FEDERAL DE SÃO CARLOS		FEDERAL	SP	SUDESTE	2012	ACADÊMICO	NÃO	3	MESTRADO	2012	NÃO	12	10	2	0	31	31	0	31	23	8	16	1	0	0	14	0	0	0	0	0	0	0	0.07	1.14	1.4	1.6				0	0	1.4	1.6	1.17	1.33	176496	109262	AVALIAÇÃO
2019	33001014044P0	CIÊNCIA DA COMPUTAÇÃO	CIÊNCIA DA COMPUTAÇÃO	UFSCAR	UNIVERSIDADE FEDERAL DE SÃO CARLOS		FEDERAL	SP	SUDESTE	2012	ACADÊMICO	NÃO	3	MESTRADO	2012	NÃO	19	16	3	0	27	27	0	27	14	13	6	0	1	0	20	0	0	0	0	0	0	0.05	0	0.3	1.25	0.38				0	0	1.25	0.38	1.05	0.32	176481	109285	AVALIAÇÃO
2020	33001014044P0	CIÊNCIA DA COMPUTAÇÃO	CIÊNCIA DA COMPUTAÇÃO	UFSCAR	UNIVERSIDADE FEDERAL DE SÃO CARLOS		FEDERAL	SP	SUDESTE	2012	ACADÊMICO	NÃO	3	MESTRADO	2012	NÃO	17	14	3	0	26	26	0	26	18	8	8	1	2	0	15	0	0	0	0	0	0	0.13	0.07	0.53	1.07	0.57				0	0	1.07	0.57	0.88	0.47	198189	130549	AVALIAÇÃO
2017	33002010176P0	CIÊNCIA DA COMPUTAÇÃO	CIÊNCIA DA COMPUTAÇÃO	USP	UNIVERSIDADE DE SÃO PAULO		ESTADUAL	SP	SUDESTE	1997	ACADÊMICO	NÃO	6	MESTRADO/DOUTORADO	1997/1997	NÃO	44	32	12	0	239	133	111	244	86	47	36	0	5	0	92	92	19	18	0	5	88	0.05	0	0.39	2.88	1.13	0.06	0	0.2	2.75	0.56	5.63	1.69	4.09	1.23	166990	100941	AVALIAÇÃO
2018	33002010176P0	CIÊNCIA DA COMPUTAÇÃO	CIÊNCIA DA COMPUTAÇÃO	USP	UNIVERSIDADE DE SÃO PAULO		ESTADUAL	SP	SUDESTE	1997	ACADÊMICO	NÃO	6	MESTRADO/DOUTORADO	1997/1997	NÃO	43	31	12	0	236	134	104	238	92	42	22	0	9	0	103	88	16	16	0	9	79	0.09	0	0.21	3.32	0.71	0.11	0	0.2	2.55	0.52	5.87	1.23	4.23	0.88	167011	100982	AVALIAÇÃO
2019	33002010176P0	CIÊNCIA DA COMPUTAÇÃO	CIÊNCIA DA COMPUTAÇÃO	USP	UNIVERSIDADE DE SÃO PAULO		ESTADUAL	SP	SUDESTE	1997	ACADÊMICO	NÃO	6	MESTRADO/DOUTORADO	1997/1997	NÃO	41	32	9	0	224	141	84	225	103	38	22	0	12	0	107	79	5	10	0	6	68	0.11	0	0.21	3.34	0.69	0.09	0	0.15	2.13	0.31	5.47	1	4.27	0.78	167050	101001	AVALIAÇÃO
2020	33002010176P0	CIÊNCIA DA COMPUTAÇÃO	CIÊNCIA DA COMPUTAÇÃO	USP	UNIVERSIDADE DE SÃO PAULO		ESTADUAL	SP	SUDESTE	1997	ACADÊMICO	NÃO	6	MESTRADO/DOUTORADO	1997/1997	NÃO	42	32	10	0	230	150	80	230	108	42	13	0	15	0	122	70	10	13	0	0	67	0.12	0	0.11	3.81	0.41	0	0	0.19	2.09	0.41	5.91	0.81	4.5	0.62	204996	136256	AVALIAÇÃO
2017	33002010214P0	SISTEMAS DE INFORMAÇÃO	CIÊNCIA DA COMPUTAÇÃO	USP	UNIVERSIDADE DE SÃO PAULO		ESTADUAL	SP	SUDESTE	2010	ACADÊMICO	NÃO	4	MESTRADO/DOUTORADO	2010/2019	NÃO	18	16	2	0	119	119	0	119	85	34	19	9	6	0	85	0	0	0	0	0	0	0.07	0.11	0.22	5.31	1.19				0	0	5.31	1.19	4.72	1.06	168917	102812	AVALIAÇÃO
2018	33002010214P0	SISTEMAS DE INFORMAÇÃO	CIÊNCIA DA COMPUTAÇÃO	USP	UNIVERSIDADE DE SÃO PAULO		ESTADUAL	SP	SUDESTE	2010	ACADÊMICO	NÃO	4	MESTRADO/DOUTORADO	2010/2019	NÃO	17	17	0	0	118	118	0	118	85	33	40	6	12	0	60	0	0	0	0	0	0	0.2	0.1	0.67	3.53	2.35				0	0	3.53	2.35	3.53	2.35	169007	102847	AVALIAÇÃO
2019	33002010214P0	SISTEMAS DE INFORMAÇÃO	CIÊNCIA DA COMPUTAÇÃO	USP	UNIVERSIDADE DE SÃO PAULO		ESTADUAL	SP	SUDESTE	2010	ACADÊMICO	NÃO	4	MESTRADO/DOUTORADO	2010/2019	NÃO	26	19	7	0	112	100	12	112	60	40	15	0	13	0	72	0	12	0	0	0	12	0.18	0	0.21	3.79	0.79	0	0	0	0.63	0	4.42	0.79	3.23	0.58	169009	102849	AVALIAÇÃO
2020	33002010214P0	SISTEMAS DE INFORMAÇÃO	CIÊNCIA DA COMPUTAÇÃO	USP	UNIVERSIDADE DE SÃO PAULO		ESTADUAL	SP	SUDESTE	2010	ACADÊMICO	NÃO	4	MESTRADO/DOUTORADO	2010/2019	NÃO	26	19	7	0	138	114	26	140	71	43	13	0	7	1	93	12	14	0	0	1	25	0.08	0	0.14	4.89	0.68	0.04	0	0	1.32	0	6.21	0.68	4.54	0.5	198972	131252	AVALIAÇÃO
2017	33002029052P5	COMPUTAÇÃO APLICADA	CIÊNCIA DA COMPUTAÇÃO	USP/RP	UNIVERSIDADE DE SÃO PAULO ( RIBEIRÃO PRETO )		ESTADUAL	SP	SUDESTE	2015	ACADÊMICO	NÃO	3	MESTRADO	2015	NÃO	15	15	0	0	42	42	0	42	21	21	0	0	4	0	38	0	0	0	0	0	0	0.11	0	0	2.53	0				0	0	2.53	0	2.53	0	164795	98932	AVALIAÇÃO
2018	33002029052P5	COMPUTAÇÃO APLICADA	CIÊNCIA DA COMPUTAÇÃO	USP/RP	UNIVERSIDADE DE SÃO PAULO ( RIBEIRÃO PRETO )		ESTADUAL	SP	SUDESTE	2015	ACADÊMICO	NÃO	3	MESTRADO	2015	NÃO	15	15	0	0	51	51	0	51	38	13	6	0	6	0	39	0	0	0	0	0	0	0.15	0	0.15	2.6	0.4				0	0	2.6	0.4	2.6	0.4	165033	99206	AVALIAÇÃO
2019	33002029052P5	COMPUTAÇÃO APLICADA	CIÊNCIA DA COMPUTAÇÃO	USP/RP	UNIVERSIDADE DE SÃO PAULO ( RIBEIRÃO PRETO )		ESTADUAL	SP	SUDESTE	2015	ACADÊMICO	NÃO	3	MESTRADO	2015	NÃO	16	16	0	0	59	59	0	59	39	20	12	0	5	0	42	0	0	0	0	0	0	0.12	0	0.29	2.63	0.75				0	0	2.63	0.75	2.63	0.75	165044	99232	AVALIAÇÃO
2020	33002029052P5	COMPUTAÇÃO APLICADA	CIÊNCIA DA COMPUTAÇÃO	USP/RP	UNIVERSIDADE DE SÃO PAULO ( RIBEIRÃO PRETO )		ESTADUAL	SP	SUDESTE	2015	ACADÊMICO	NÃO	3	MESTRADO	2015	NÃO	16	14	2	0	55	55	0	55	42	13	10	0	4	0	41	0	0	0	0	0	0	0.1	0	0.24	2.93	0.71				0	0	2.93	0.71	2.56	0.63	203334	134879	AVALIAÇÃO
2017	33002045004P1	CIÊNCIAS DA COMPUTAÇÃO E MATEMÁTICA COMPUTACIONAL	CIÊNCIA DA COMPUTAÇÃO	USP/SC	UNIVERSIDADE DE SÃO PAULO (SÃO CARLOS)		ESTADUAL	SP	SUDESTE	1974	ACADÊMICO	NÃO	7	MESTRADO/DOUTORADO	1974/1996	NÃO	70	63	7	0	479	173	320	493	116	57	40	0	8	2	123	267	53	61	0	13	246	0.07	0	0.33	1.95	0.63	0.05	0	0.25	3.9	0.97	5.86	1.6	5.27	1.44	166184	100203	AVALIAÇÃO
2018	33002045004P1	CIÊNCIAS DA COMPUTAÇÃO E MATEMÁTICA COMPUTACIONAL	CIÊNCIA DA COMPUTAÇÃO	USP/SC	UNIVERSIDADE DE SÃO PAULO (SÃO CARLOS)		ESTADUAL	SP	SUDESTE	1974	ACADÊMICO	NÃO	7	MESTRADO/DOUTORADO	1974/1996	NÃO	71	61	10	0	460	179	294	473	123	56	38	0	6	1	134	246	48	51	0	11	232	0.04	0	0.28	2.2	0.62	0.05	0	0.22	3.8	0.84	6	1.46	5.15	1.25	166305	100324	AVALIAÇÃO
2019	33002045004P1	CIÊNCIAS DA COMPUTAÇÃO E MATEMÁTICA COMPUTACIONAL	CIÊNCIA DA COMPUTAÇÃO	USP/SC	UNIVERSIDADE DE SÃO PAULO (SÃO CARLOS)		ESTADUAL	SP	SUDESTE	1974	ACADÊMICO	NÃO	7	MESTRADO/DOUTORADO	1974/1996	NÃO	73	63	10	0	451	173	288	461	134	39	35	0	13	1	124	231	57	42	0	5	241	0.1	0	0.28	1.97	0.56	0.02	0	0.17	3.83	0.67	5.79	1.22	5	1.05	166471	100490	AVALIAÇÃO
2020	33002045004P1	CIÊNCIAS DA COMPUTAÇÃO E MATEMÁTICA COMPUTACIONAL	CIÊNCIA DA COMPUTAÇÃO	USP/SC	UNIVERSIDADE DE SÃO PAULO (SÃO CARLOS)		ESTADUAL	SP	SUDESTE	1974	ACADÊMICO	NÃO	7	MESTRADO/DOUTORADO	1974/1996	NÃO	76	64	12	0	452	186	276	462	124	62	38	0	11	0	137	241	35	39	0	2	235	0.08	0	0.28	2.14	0.59	0.01	0	0.17	3.67	0.61	5.81	1.2	4.89	1.01	203194	134746	AVALIAÇÃO
2017	33003017005P8	CIÊNCIA DA COMPUTAÇÃO	CIÊNCIA DA COMPUTAÇÃO	UNICAMP	UNIVERSIDADE ESTADUAL DE CAMPINAS		ESTADUAL	SP	SUDESTE	1977	ACADÊMICO	NÃO	7	MESTRADO/DOUTORADO	1977/1993	NÃO	51	43	8	0	325	179	176	355	120	59	40	1	7	2	129	137	39	17	1	13	145	0.05	0.01	0.31	3	0.93	0.09	0.01	0.12	3.37	0.4	6.37	1.33	5.37	1.12	166050	100093	AVALIAÇÃO
2018	33003017005P8	CIÊNCIA DA COMPUTAÇÃO	CIÊNCIA DA COMPUTAÇÃO	UNICAMP	UNIVERSIDADE ESTADUAL DE CAMPINAS		ESTADUAL	SP	SUDESTE	1977	ACADÊMICO	NÃO	7	MESTRADO/DOUTORADO	1977/1993	NÃO	51	46	5	0	337	190	171	361	129	61	37	0	13	1	139	145	26	17	1	10	143	0.09	0	0.27	3.02	0.8	0.07	0.01	0.12	3.11	0.37	6.13	1.17	5.53	1.06	166106	100147	AVALIAÇÃO
2019	33003017005P8	CIÊNCIA DA COMPUTAÇÃO	CIÊNCIA DA COMPUTAÇÃO	UNICAMP	UNIVERSIDADE ESTADUAL DE CAMPINAS		ESTADUAL	SP	SUDESTE	1977	ACADÊMICO	NÃO	7	MESTRADO/DOUTORADO	1977/1993	NÃO	49	45	4	0	357	210	164	374	137	73	35	0	29	0	146	143	21	15	0	11	138	0.2	0	0.24	3.24	0.78	0.08	0	0.11	3.07	0.33	6.31	1.11	5.8	1.02	166225	100244	AVALIAÇÃO
2020	33003017005P8	CIÊNCIA DA COMPUTAÇÃO	CIÊNCIA DA COMPUTAÇÃO	UNICAMP	UNIVERSIDADE ESTADUAL DE CAMPINAS		ESTADUAL	SP	SUDESTE	1977	ACADÊMICO	NÃO	7	MESTRADO/DOUTORADO	1977/1993	NÃO	49	45	4	0	356	205	175	380	145	60	54	1	10	0	140	139	36	15	1	3	156	0.07	0.01	0.39	3.11	1.2	0.02	0.01	0.1	3.47	0.33	6.58	1.53	6.04	1.41	198816	131111	AVALIAÇÃO
2017	33004153073P2	CIÊNCIA DA COMPUTAÇÃO	CIÊNCIA DA COMPUTAÇÃO	UNESP-SJRP	UNIVERSIDADE ESTADUAL PAULISTA JÚLIO DE MESQUITA FILHO ( SÃO JOSÉ DO RIO PRETO )		ESTADUAL	SP	SUDESTE	2006	ACADÊMICO	NÃO	4	MESTRADO/DOUTORADO	2006/2019	NÃO	21	20	1	0	81	81	0	81	54	27	25	0	3	0	53	0	0	0	0	0	0	0.06	0	0.47	2.65	1.25				0	0	2.65	1.25	2.52	1.19	168122	102051	AVALIAÇÃO
2018	33004153073P2	CIÊNCIA DA COMPUTAÇÃO	CIÊNCIA DA COMPUTAÇÃO	UNESP-SJRP	UNIVERSIDADE ESTADUAL PAULISTA JÚLIO DE MESQUITA FILHO ( SÃO JOSÉ DO RIO PRETO )		ESTADUAL	SP	SUDESTE	2006	ACADÊMICO	NÃO	4	MESTRADO/DOUTORADO	2006/2019	NÃO	31	19	12	0	79	79	0	79	53	26	17	0	5	0	57	0	0	0	0	0	0	0.09	0	0.3	3	0.89				0	0	3	0.89	1.84	0.55	168126	102055	AVALIAÇÃO
2019	33004153073P2	CIÊNCIA DA COMPUTAÇÃO	CIÊNCIA DA COMPUTAÇÃO	UNESP-SJRP	UNIVERSIDADE ESTADUAL PAULISTA JÚLIO DE MESQUITA FILHO ( SÃO JOSÉ DO RIO PRETO )		ESTADUAL	SP	SUDESTE	2006	ACADÊMICO	NÃO	4	MESTRADO/DOUTORADO	2006/2019	NÃO	31	19	12	0	98	94	6	100	57	37	22	2	4	0	66	0	6	0	0	0	6	0.06	0.03	0.33	3.47	1.16	0	0	0	0.32	0	3.79	1.16	2.32	0.71	167735	101664	AVALIAÇÃO
2020	33004153073P2	CIÊNCIA DA COMPUTAÇÃO	CIÊNCIA DA COMPUTAÇÃO	UNESP-SJRP	UNIVERSIDADE ESTADUAL PAULISTA JÚLIO DE MESQUITA FILHO ( SÃO JOSÉ DO RIO PRETO )		ESTADUAL	SP	SUDESTE	2006	ACADÊMICO	NÃO	4	MESTRADO/DOUTORADO	2006/2019	NÃO	30	19	11	0	101	89	13	102	66	23	19	2	0	0	68	6	7	0	0	0	13	0	0.03	0.28	3.58	1	0	0	0	0.68	0	4.26	1	2.7	0.63	196657	129176	AVALIAÇÃO
2017	33009015079P0	CIÊNCIA DA COMPUTAÇÃO	CIÊNCIA DA COMPUTAÇÃO	UNIFESP	UNIVERSIDADE FEDERAL DE SÃO PAULO		FEDERAL	SP	SUDESTE	2012	ACADÊMICO	NÃO	4	MESTRADO/DOUTORADO	2012/2015	NÃO	22	20	2	0	39	28	15	43	22	6	13	0	3	1	11	7	8	0	0	0	15	0.27	0	1.18	0.55	0.65	0	0	0	0.75	0	1.3	0.65	1.18	0.59	165999	100082	AVALIAÇÃO
2018	33009015079P0	CIÊNCIA DA COMPUTAÇÃO	CIÊNCIA DA COMPUTAÇÃO	UNIFESP	UNIVERSIDADE FEDERAL DE SÃO PAULO		FEDERAL	SP	SUDESTE	2012	ACADÊMICO	NÃO	4	MESTRADO/DOUTORADO	2012/2015	NÃO	23	21	2	0	42	20	22	42	11	9	5	0	0	0	15	15	7	0	0	0	22	0	0	0.33	0.71	0.24	0	0	0	1.05	0	1.76	0.24	1.61	0.22	166480	100499	AVALIAÇÃO
2019	33009015079P0	CIÊNCIA DA COMPUTAÇÃO	CIÊNCIA DA COMPUTAÇÃO	UNIFESP	UNIVERSIDADE FEDERAL DE SÃO PAULO		FEDERAL	SP	SUDESTE	2012	ACADÊMICO	NÃO	4	MESTRADO/DOUTORADO	2012/2015	NÃO	24	22	2	0	49	24	26	50	15	9	4	0	3	0	17	22	4	2	1	2	21	0.18	0	0.24	0.77	0.18	0.1	0.05	0.1	0.95	0.09	1.73	0.27	1.58	0.25	166460	100480	AVALIAÇÃO
2020	33009015079P0	CIÊNCIA DA COMPUTAÇÃO	CIÊNCIA DA COMPUTAÇÃO	UNIFESP	UNIVERSIDADE FEDERAL DE SÃO PAULO		FEDERAL	SP	SUDESTE	2012	ACADÊMICO	NÃO	4	MESTRADO/DOUTORADO	2012/2015	NÃO	25	21	2	2	51	24	28	52	17	7	5	0	0	0	19	21	7	3	1	0	24	0	0	0.26	0.9	0.24	0	0.04	0.13	1.14	0.14	2.05	0.38	1.72	0.32	205380	136898	AVALIAÇÃO
2020	33083010005P2	COMPUTAÇÃO APLICADA	CIÊNCIA DA COMPUTAÇÃO	IPT	INSTITUTO DE PESQUISAS TECNOLÓGICAS DO ESTADO DE SÃO PAULO		ESTADUAL	SP	SUDESTE	2020	PROFISSIONAL	NÃO	A	MESTRADO PROFISSIONAL	2020	NÃO	12	11	1	0	19	19	0	19	0	19	0	0	0	0	19	0	0	0	0	0	0	0	0	0	1.73	0				0	0	1.73	0	1.58	0	199460	131695	AVALIAÇÃO
2017	33144010008P1	CIÊNCIA DA COMPUTAÇÃO	CIÊNCIA DA COMPUTAÇÃO	UFABC	UNIVERSIDADE FEDERAL DO ABC		FEDERAL	SP	SUDESTE	2011	ACADÊMICO	NÃO	4	MESTRADO/DOUTORADO	2011/2015	NÃO	43	34	9	0	68	52	18	70	31	21	15	0	5	0	32	10	8	0	0	0	18	0.16	0	0.47	0.94	0.44	0	0	0	0.53	0	1.47	0.44	1.16	0.35	165787	99834	AVALIAÇÃO
2018	33144010008P1	CIÊNCIA DA COMPUTAÇÃO	CIÊNCIA DA COMPUTAÇÃO	UFABC	UNIVERSIDADE FEDERAL DO ABC		FEDERAL	SP	SUDESTE	2011	ACADÊMICO	NÃO	4	MESTRADO/DOUTORADO	2011/2015	NÃO	53	45	8	0	102	77	27	104	32	45	7	0	9	0	61	18	9	0	0	1	26	0.15	0	0.11	1.36	0.16	0.04	0	0	0.58	0	1.93	0.16	1.64	0.13	165791	99838	AVALIAÇÃO
2019	33144010008P1	CIÊNCIA DA COMPUTAÇÃO	CIÊNCIA DA COMPUTAÇÃO	UFABC	UNIVERSIDADE FEDERAL DO ABC		FEDERAL	SP	SUDESTE	2011	ACADÊMICO	NÃO	4	MESTRADO/DOUTORADO	2011/2015	NÃO	48	40	8	0	129	97	35	132	61	36	14	0	9	0	74	26	9	2	0	1	32	0.12	0	0.19	1.85	0.35	0.03	0	0.06	0.8	0.05	2.65	0.4	2.21	0.33	165761	99812	AVALIAÇÃO
2020	33144010008P1	CIÊNCIA DA COMPUTAÇÃO	CIÊNCIA DA COMPUTAÇÃO	UFABC	UNIVERSIDADE FEDERAL DO ABC		FEDERAL	SP	SUDESTE	2011	ACADÊMICO	NÃO	4	MESTRADO/DOUTORADO	2011/2015	NÃO	39	27	12	0	149	111	42	153	74	37	19	0	6	1	85	32	10	6	0	0	36	0.07	0	0.22	3.15	0.7	0	0	0.17	1.33	0.22	4.48	0.93	3.1	0.64	199094	131338	AVALIAÇÃO
2017	33149011002P1	CIÊNCIA DA COMPUTAÇÃO	CIÊNCIA DA COMPUTAÇÃO	UNIFACCAMP	CENTRO UNIVERSITÁRIO CAMPO LIMPO PAULISTA		PARTICULAR	SP	SUDESTE	2012	ACADÊMICO	NÃO	3	MESTRADO	2012	NÃO	11	11	0	0	64	64	0	64	40	24	10	2	7	0	45	0	0	0	0	0	0	0.16	0.04	0.22	4.09	0.91				0	0	4.09	0.91	4.09	0.91	175846	108886	AVALIAÇÃO
2018	33149011002P1	CIÊNCIA DA COMPUTAÇÃO	CIÊNCIA DA COMPUTAÇÃO	UNIFACCAMP	CENTRO UNIVERSITÁRIO CAMPO LIMPO PAULISTA		PARTICULAR	SP	SUDESTE	2012	ACADÊMICO	NÃO	3	MESTRADO	2012	NÃO	11	11	0	0	62	62	0	62	45	17	12	4	3	0	43	0	0	0	0	0	0	0.07	0.09	0.28	3.91	1.09				0	0	3.91	1.09	3.91	1.09	176618	109349	AVALIAÇÃO
2019	33149011002P1	CIÊNCIA DA COMPUTAÇÃO	CIÊNCIA DA COMPUTAÇÃO	UNIFACCAMP	CENTRO UNIVERSITÁRIO CAMPO LIMPO PAULISTA		PARTICULAR	SP	SUDESTE	2012	ACADÊMICO	NÃO	3	MESTRADO	2012	NÃO	10	10	0	0	55	55	0	55	43	12	9	2	8	0	36	0	0	0	0	0	0	0.22	0.06	0.25	3.6	0.9				0	0	3.6	0.9	3.6	0.9	176045	109017	AVALIAÇÃO
2020	33149011002P1	CIÊNCIA DA COMPUTAÇÃO	CIÊNCIA DA COMPUTAÇÃO	UNIFACCAMP	CENTRO UNIVERSITÁRIO CAMPO LIMPO PAULISTA		PARTICULAR	SP	SUDESTE	2012	ACADÊMICO	NÃO	3	MESTRADO	2012	NÃO	10	10	0	0	48	48	0	48	33	15	8	2	6	0	32	0	0	0	0	0	0	0.19	0.06	0.25	3.2	0.8				0	0	3.2	0.8	3.2	0.8	196973	129451	AVALIAÇÃO
2017	40001016034P5	INFORMÁTICA	CIÊNCIA DA COMPUTAÇÃO	UFPR	UNIVERSIDADE FEDERAL DO PARANÁ		FEDERAL	PR	SUL	1996	ACADÊMICO	NÃO	5	MESTRADO/DOUTORADO	1996/2009	NÃO	35	24	11	0	261	168	99	267	112	56	26	16	16	0	110	74	25	13	2	1	83	0.15	0.15	0.24	4.58	1.08	0.01	0.02	0.16	3.46	0.54	8.04	1.63	5.51	1.11	168642	102529	AVALIAÇÃO
2018	40001016034P5	INFORMÁTICA	CIÊNCIA DA COMPUTAÇÃO	UFPR	UNIVERSIDADE FEDERAL DO PARANÁ		FEDERAL	PR	SUL	1996	ACADÊMICO	NÃO	5	MESTRADO/DOUTORADO	1996/2009	NÃO	37	30	7	0	269	171	102	273	106	65	31	10	22	0	108	83	19	11	0	3	88	0.2	0.09	0.29	3.6	1.03	0.03	0	0.13	2.93	0.37	6.53	1.4	5.3	1.14	168653	102540	AVALIAÇÃO
2019	40001016034P5	INFORMÁTICA	CIÊNCIA DA COMPUTAÇÃO	UFPR	UNIVERSIDADE FEDERAL DO PARANÁ		FEDERAL	PR	SUL	1996	ACADÊMICO	NÃO	5	MESTRADO/DOUTORADO	1996/2009	NÃO	37	31	6	0	259	159	109	268	107	52	33	13	10	0	103	88	21	12	4	0	93	0.1	0.13	0.32	3.32	1.06	0	0.04	0.13	3	0.39	6.32	1.45	5.3	1.22	168687	102569	AVALIAÇÃO
2020	40001016034P5	INFORMÁTICA	CIÊNCIA DA COMPUTAÇÃO	UFPR	UNIVERSIDADE FEDERAL DO PARANÁ		FEDERAL	PR	SUL	1996	ACADÊMICO	NÃO	5	MESTRADO/DOUTORADO	1996/2009	NÃO	40	35	5	0	269	144	129	273	103	41	31	6	8	0	99	93	36	16	3	1	109	0.08	0.06	0.31	2.83	0.89	0.01	0.03	0.15	3.11	0.46	5.94	1.34	5.2	1.18	203376	134900	AVALIAÇÃO
2017	40002012033P5	CIÊNCIA DA COMPUTAÇÃO	CIÊNCIA DA COMPUTAÇÃO	UEL	UNIVERSIDADE ESTADUAL DE LONDRINA		ESTADUAL	PR	SUL	2008	ACADÊMICO	NÃO	3	MESTRADO	2008	NÃO	14	10	4	0	42	42	0	42	24	18	12	0	1	0	29	0	0	0	0	0	0	0.03	0	0.41	2.9	1.2				0	0	2.9	1.2	2.07	0.86	170667	104429	AVALIAÇÃO
2018	40002012033P5	CIÊNCIA DA COMPUTAÇÃO	CIÊNCIA DA COMPUTAÇÃO	UEL	UNIVERSIDADE ESTADUAL DE LONDRINA		ESTADUAL	PR	SUL	2008	ACADÊMICO	NÃO	3	MESTRADO	2008	NÃO	14	10	4	0	37	37	0	37	29	8	11	0	1	0	25	0	0	0	0	0	0	0.04	0	0.44	2.5	1.1				0	0	2.5	1.1	1.79	0.79	170651	104411	AVALIAÇÃO
2019	40002012033P5	CIÊNCIA DA COMPUTAÇÃO	CIÊNCIA DA COMPUTAÇÃO	UEL	UNIVERSIDADE ESTADUAL DE LONDRINA		ESTADUAL	PR	SUL	2008	ACADÊMICO	NÃO	3	MESTRADO	2008	NÃO	14	10	4	0	35	35	0	35	25	10	16	1	0	0	18	0	0	0	0	0	0	0	0.06	0.89	1.8	1.6				0	0	1.8	1.6	1.29	1.14	170652	104412	AVALIAÇÃO
2020	40002012033P5	CIÊNCIA DA COMPUTAÇÃO	CIÊNCIA DA COMPUTAÇÃO	UEL	UNIVERSIDADE ESTADUAL DE LONDRINA		ESTADUAL	PR	SUL	2008	ACADÊMICO	NÃO	3	MESTRADO	2008	NÃO	14	10	4	0	26	26	0	26	18	8	7	0	1	0	18	0	0	0	0	0	0	0.06	0	0.39	1.8	0.7				0	0	1.8	0.7	1.29	0.5	200418	132513	AVALIAÇÃO
2017	40003019004P1	INFORMÁTICA	SISTEMA DE COMPUTAÇÃO	PUC/PR	PONTIFÍCIA UNIVERSIDADE CATÓLICA DO PARANÁ		PARTICULAR	PR	SUL	1996	ACADÊMICO	NÃO	5	MESTRADO/DOUTORADO	1996/2006	NÃO	13	13	0	0	101	36	66	102	20	16	7	0	2	0	27	48	18	9	0	4	53	0.07	0	0.26	2.08	0.54	0.08	0	0.17	4.08	0.69	6.15	1.23	6.15	1.23	170606	104351	AVALIAÇÃO
2018	40003019004P1	INFORMÁTICA	SISTEMA DE COMPUTAÇÃO	PUC/PR	PONTIFÍCIA UNIVERSIDADE CATÓLICA DO PARANÁ		PARTICULAR	PR	SUL	1996	ACADÊMICO	NÃO	5	MESTRADO/DOUTORADO	1996/2006	NÃO	13	13	0	0	101	42	61	103	27	15	7	0	5	0	30	53	8	14	0	1	46	0.17	0	0.23	2.31	0.54	0.02	0	0.3	3.54	1.08	5.85	1.62	5.85	1.62	170608	104353	AVALIAÇÃO
2019	40003019004P1	INFORMÁTICA	SISTEMA DE COMPUTAÇÃO	PUC/PR	PONTIFÍCIA UNIVERSIDADE CATÓLICA DO PARANÁ		PARTICULAR	PR	SUL	1996	ACADÊMICO	NÃO	5	MESTRADO/DOUTORADO	1996/2006	NÃO	14	14	0	0	107	51	58	109	30	21	10	0	3	1	37	46	12	7	0	3	48	0.08	0	0.27	2.64	0.71	0.06	0	0.15	3.43	0.5	6.07	1.21	6.07	1.21	170611	104356	AVALIAÇÃO
2020	40003019004P1	INFORMÁTICA	SISTEMA DE COMPUTAÇÃO	PUC/PR	PONTIFÍCIA UNIVERSIDADE CATÓLICA DO PARANÁ		PARTICULAR	PR	SUL	1996	ACADÊMICO	NÃO	5	MESTRADO/DOUTORADO	1996/2006	NÃO	14	14	0	0	103	47	59	106	36	11	13	0	3	1	30	49	10	7	0	2	50	0.1	0	0.43	2.14	0.93	0.04	0	0.14	3.57	0.5	5.71	1.43	5.71	1.43	203282	134808	AVALIAÇÃO
2017	40004015019P5	CIÊNCIA DA COMPUTAÇÃO	CIÊNCIA DA COMPUTAÇÃO	UEM	UNIVERSIDADE ESTADUAL DE MARINGÁ		ESTADUAL	PR	SUL	2002	ACADÊMICO	NÃO	4	MESTRADO	2002	NÃO	16	13	3	0	55	55	0	55	34	21	10	2	2	0	41	0	0	0	0	0	0	0.05	0.05	0.24	3.15	0.77				0	0	3.15	0.77	2.56	0.63	166943	100894	AVALIAÇÃO
2018	40004015019P5	CIÊNCIA DA COMPUTAÇÃO	CIÊNCIA DA COMPUTAÇÃO	UEM	UNIVERSIDADE ESTADUAL DE MARINGÁ		ESTADUAL	PR	SUL	2002	ACADÊMICO	NÃO	4	MESTRADO	2002	NÃO	17	14	3	0	69	69	0	69	41	28	11	3	12	0	43	0	0	0	0	0	0	0.28	0.07	0.26	3.07	0.79				0	0	3.07	0.79	2.53	0.65	166992	100943	AVALIAÇÃO
2019	40004015019P5	CIÊNCIA DA COMPUTAÇÃO	CIÊNCIA DA COMPUTAÇÃO	UEM	UNIVERSIDADE ESTADUAL DE MARINGÁ		ESTADUAL	PR	SUL	2002	ACADÊMICO	NÃO	4	MESTRADO	2002	NÃO	18	15	3	0	56	56	0	56	43	13	16	0	3	0	37	0	0	0	0	0	0	0.08	0	0.43	2.47	1.07				0	0	2.47	1.07	2.06	0.89	167450	101338	AVALIAÇÃO
2020	40004015019P5	CIÊNCIA DA COMPUTAÇÃO	CIÊNCIA DA COMPUTAÇÃO	UEM	UNIVERSIDADE ESTADUAL DE MARINGÁ		ESTADUAL	PR	SUL	2002	ACADÊMICO	NÃO	4	MESTRADO	2002	NÃO	18	15	3	0	56	56	0	56	37	19	12	4	3	0	37	0	0	0	0	0	0	0.08	0.11	0.32	2.47	0.8				0	0	2.47	0.8	2.06	0.67	198608	130959	AVALIAÇÃO
2017	40006018011P7	COMPUTAÇÃO APLICADA	CIÊNCIA DA COMPUTAÇÃO	UTFPR	UNIVERSIDADE TECNOLÓGICA FEDERAL DO PARANÁ		FEDERAL	PR	SUL	2010	PROFISSIONAL	NÃO	3	MESTRADO PROFISSIONAL	2010	NÃO	35	23	12	0	49	49	0	49	34	15	11	9	5	0	24	0	0	0	0	0	0	0.21	0.38	0.46	1.04	0.48				0	0	1.04	0.48	0.69	0.31	168224	102130	AVALIAÇÃO
2018	40006018011P7	COMPUTAÇÃO APLICADA	CIÊNCIA DA COMPUTAÇÃO	UTFPR	UNIVERSIDADE TECNOLÓGICA FEDERAL DO PARANÁ		FEDERAL	PR	SUL	2010	PROFISSIONAL	NÃO	3	MESTRADO PROFISSIONAL	2010	NÃO	34	27	7	0	36	36	0	36	24	12	9	1	4	0	22	0	0	0	0	0	0	0.18	0.05	0.41	0.81	0.33				0	0	0.81	0.33	0.65	0.26	168375	102299	AVALIAÇÃO
2019	40006018011P7	COMPUTAÇÃO APLICADA	CIÊNCIA DA COMPUTAÇÃO	UTFPR	UNIVERSIDADE TECNOLÓGICA FEDERAL DO PARANÁ		FEDERAL	PR	SUL	2010	PROFISSIONAL	NÃO	3	MESTRADO PROFISSIONAL	2010	NÃO	30	25	5	0	51	51	0	51	22	29	11	1	3	0	36	0	0	0	0	0	0	0.08	0.03	0.31	1.44	0.44				0	0	1.44	0.44	1.2	0.37	168506	102410	AVALIAÇÃO
2020	40006018011P7	COMPUTAÇÃO APLICADA	CIÊNCIA DA COMPUTAÇÃO	UTFPR	UNIVERSIDADE TECNOLÓGICA FEDERAL DO PARANÁ		FEDERAL	PR	SUL	2010	PROFISSIONAL	NÃO	3	MESTRADO PROFISSIONAL	2010	NÃO	27	22	3	2	58	58	0	58	36	22	7	0	0	0	51	0	0	0	0	0	0	0	0	0.14	2.32	0.32				0	0	2.32	0.32	1.89	0.26	204688	136024	AVALIAÇÃO
2017	40006018025P8	INFORMÁTICA	CIÊNCIA DA COMPUTAÇÃO	UTFPR	UNIVERSIDADE TECNOLÓGICA FEDERAL DO PARANÁ		FEDERAL	PR	SUL	2013	PROFISSIONAL	NÃO	3	MESTRADO PROFISSIONAL	2013	NÃO	16	14	2	0	46	46	0	46	30	16	12	0	0	0	34	0	0	0	0	0	0	0	0	0.35	2.43	0.86				0	0	2.43	0.86	2.13	0.75	128193	65279	AVALIAÇÃO
2018	40006018025P8	INFORMÁTICA	CIÊNCIA DA COMPUTAÇÃO	UTFPR	UNIVERSIDADE TECNOLÓGICA FEDERAL DO PARANÁ		FEDERAL	PR	SUL	2013	PROFISSIONAL	NÃO	3	MESTRADO PROFISSIONAL	2013	NÃO	15	14	1	0	52	52	0	52	34	18	15	0	6	0	31	0	0	0	0	0	0	0.19	0	0.48	2.21	1.07				0	0	2.21	1.07	2.07	1	136783	72731	AVALIAÇÃO
2019	40006018025P8	INFORMÁTICA	CIÊNCIA DA COMPUTAÇÃO	UTFPR	UNIVERSIDADE TECNOLÓGICA FEDERAL DO PARANÁ		FEDERAL	PR	SUL	2013	PROFISSIONAL	NÃO	3	MESTRADO PROFISSIONAL	2013	NÃO	20	16	4	0	58	58	0	58	31	27	15	0	0	0	43	0	0	0	0	0	0	0	0	0.35	2.69	0.94				0	0	2.69	0.94	2.15	0.75	156470	91854	AVALIAÇÃO
2020	40006018025P8	INFORMÁTICA	CIÊNCIA DA COMPUTAÇÃO	UTFPR	UNIVERSIDADE TECNOLÓGICA FEDERAL DO PARANÁ		FEDERAL	PR	SUL	2013	PROFISSIONAL	NÃO	3	MESTRADO PROFISSIONAL	2013	NÃO	20	16	4	0	61	61	0	61	41	20	10	0	2	0	49	0	0	0	0	0	0	0.04	0	0.2	3.06	0.63				0	0	3.06	0.63	2.45	0.5	197593	130001	AVALIAÇÃO
2017	40006018171P4	CIÊNCIA DA COMPUTAÇÃO	CIÊNCIA DA COMPUTAÇÃO	UTFPR	UNIVERSIDADE TECNOLÓGICA FEDERAL DO PARANÁ		FEDERAL	PR	SUL	2016	ACADÊMICO	NÃO	3	MESTRADO	2016	NÃO	12	12	0	0	21	21	0	21	11	10	0	0	1	0	20	0	0	0	0	0	0	0.05	0	0	1.67	0				0	0	1.67	0	1.67	0	129242	66090	AVALIAÇÃO
2018	40006018171P4	CIÊNCIA DA COMPUTAÇÃO	CIÊNCIA DA COMPUTAÇÃO	UTFPR	UNIVERSIDADE TECNOLÓGICA FEDERAL DO PARANÁ		FEDERAL	PR	SUL	2016	ACADÊMICO	NÃO	3	MESTRADO	2016	NÃO	12	12	0	0	28	28	0	28	20	8	9	1	0	0	18	0	0	0	0	0	0	0	0.06	0.5	1.5	0.75				0	0	1.5	0.75	1.5	0.75	141512	76754	AVALIAÇÃO
2019	40006018171P4	CIÊNCIA DA COMPUTAÇÃO	CIÊNCIA DA COMPUTAÇÃO	UTFPR	UNIVERSIDADE TECNOLÓGICA FEDERAL DO PARANÁ		FEDERAL	PR	SUL	2016	ACADÊMICO	NÃO	3	MESTRADO	2016	NÃO	16	14	2	0	29	29	0	29	17	12	9	0	0	0	20	0	0	0	0	0	0	0	0	0.45	1.43	0.64				0	0	1.43	0.64	1.25	0.56	173536	107056	AVALIAÇÃO
2020	40006018171P4	CIÊNCIA DA COMPUTAÇÃO	CIÊNCIA DA COMPUTAÇÃO	UTFPR	UNIVERSIDADE TECNOLÓGICA FEDERAL DO PARANÁ		FEDERAL	PR	SUL	2016	ACADÊMICO	NÃO	3	MESTRADO	2016	NÃO	14	12	2	0	35	35	0	35	20	15	6	2	0	0	27	0	0	0	0	0	0	0	0.07	0.22	2.25	0.5				0	0	2.25	0.5	1.93	0.43	199907	132076	AVALIAÇÃO
2019	40015017173P2	CIÊNCIA DA COMPUTAÇÃO	CIÊNCIA DA COMPUTAÇÃO	UNIOESTE	UNIVERSIDADE ESTADUAL DO OESTE DO PARANA		ESTADUAL	PR	SUL	2019	ACADÊMICO	NÃO	A	MESTRADO	2019	NÃO	14	11	3	0	14	14	0	14	0	14	0	0	0	0	14	0	0	0	0	0	0	0	0	0	1.27	0				0	0	1.27	0	1	0	166838	100831	AVALIAÇÃO
2020	40015017173P2	CIÊNCIA DA COMPUTAÇÃO	CIÊNCIA DA COMPUTAÇÃO	UNIOESTE	UNIVERSIDADE ESTADUAL DO OESTE DO PARANA		ESTADUAL	PR	SUL	2019	ACADÊMICO	NÃO	A	MESTRADO	2019	NÃO	14	11	3	0	27	27	0	27	14	13	0	3	1	0	23	0	0	0	0	0	0	0.04	0.13	0	2.09	0				0	0	2.09	0	1.64	0	198285	130647	AVALIAÇÃO
2017	41001010025P2	CIÊNCIAS DA COMPUTAÇÃO	CIÊNCIA DA COMPUTAÇÃO	UFSC	UNIVERSIDADE FEDERAL DE SANTA CATARINA		FEDERAL	SC	SUL	1992	ACADÊMICO	NÃO	5	MESTRADO/DOUTORADO	1992/2012	NÃO	30	27	3	0	130	82	50	132	59	23	21	4	4	0	53	44	6	9	1	0	40	0.08	0.08	0.4	1.96	0.78	0	0.03	0.23	1.48	0.33	3.44	1.11	3.1	1	164760	98877	AVALIAÇÃO
2018	41001010025P2	CIÊNCIAS DA COMPUTAÇÃO	CIÊNCIA DA COMPUTAÇÃO	UFSC	UNIVERSIDADE FEDERAL DE SANTA CATARINA		FEDERAL	SC	SUL	1992	ACADÊMICO	NÃO	5	MESTRADO/DOUTORADO	1992/2012	NÃO	30	29	1	0	113	68	48	116	53	15	14	4	2	0	48	40	8	4	1	1	42	0.04	0.08	0.29	1.66	0.48	0.02	0.02	0.1	1.45	0.14	3.1	0.62	3	0.6	164779	98904	AVALIAÇÃO
2019	41001010025P2	CIÊNCIAS DA COMPUTAÇÃO	CIÊNCIA DA COMPUTAÇÃO	UFSC	UNIVERSIDADE FEDERAL DE SANTA CATARINA		FEDERAL	SC	SUL	1992	ACADÊMICO	NÃO	5	MESTRADO/DOUTORADO	1992/2012	NÃO	30	23	7	0	124	74	59	133	48	26	29	3	3	0	39	42	17	9	0	0	50	0.08	0.08	0.74	1.7	1.26	0	0	0.18	2.17	0.39	3.87	1.65	2.97	1.27	164942	99055	AVALIAÇÃO
2020	41001010025P2	CIÊNCIAS DA COMPUTAÇÃO	CIÊNCIA DA COMPUTAÇÃO	UFSC	UNIVERSIDADE FEDERAL DE SANTA CATARINA		FEDERAL	SC	SUL	1992	ACADÊMICO	NÃO	5	MESTRADO/DOUTORADO	1992/2012	NÃO	28	23	5	0	110	54	57	111	39	15	13	2	0	0	39	50	7	9	1	0	47	0	0.05	0.33	1.7	0.57	0	0.02	0.19	2.04	0.39	3.74	0.96	3.07	0.79	196334	128807	AVALIAÇÃO
2017	41002016023P2	COMPUTAÇÃO APLICADA	CIÊNCIA DA COMPUTAÇÃO	UDESC	UNIVERSIDADE DO ESTADO DE SANTA CATARINA		ESTADUAL	SC	SUL	2012	ACADÊMICO	NÃO	3	MESTRADO	2012	NÃO	15	14	1	0	55	55	0	55	34	21	11	1	3	0	40	0	0	0	0	0	0	0.08	0.03	0.28	2.86	0.79				0	0	2.86	0.79	2.67	0.73	162465	96642	AVALIAÇÃO
2018	41002016023P2	COMPUTAÇÃO APLICADA	CIÊNCIA DA COMPUTAÇÃO	UDESC	UNIVERSIDADE DO ESTADO DE SANTA CATARINA		ESTADUAL	SC	SUL	2012	ACADÊMICO	NÃO	3	MESTRADO	2012	NÃO	16	15	1	0	59	59	0	59	40	19	16	1	6	0	36	0	0	0	0	0	0	0.17	0.03	0.44	2.4	1.07				0	0	2.4	1.07	2.25	1	162704	96884	AVALIAÇÃO
2019	41002016023P2	COMPUTAÇÃO APLICADA	CIÊNCIA DA COMPUTAÇÃO	UDESC	UNIVERSIDADE DO ESTADO DE SANTA CATARINA		ESTADUAL	SC	SUL	2012	ACADÊMICO	NÃO	3	MESTRADO	2012	NÃO	16	15	1	0	52	52	0	52	36	16	19	0	3	0	30	0	0	0	0	0	0	0.1	0	0.63	2	1.27				0	0	2	1.27	1.88	1.19	162705	96885	AVALIAÇÃO
2020	41002016023P2	COMPUTAÇÃO APLICADA	CIÊNCIA DA COMPUTAÇÃO	UDESC	UNIVERSIDADE DO ESTADO DE SANTA CATARINA		ESTADUAL	SC	SUL	2012	ACADÊMICO	NÃO	3	MESTRADO	2012	NÃO	15	11	4	0	44	44	0	44	30	14	9	0	8	0	27	0	0	0	0	0	0	0.3	0	0.33	2.45	0.82				0	0	2.45	0.82	1.8	0.6	204997	136257	AVALIAÇÃO
2017	41005015010P7	COMPUTAÇÃO	CIÊNCIA DA COMPUTAÇÃO	UNIVALI	UNIVERSIDADE DO VALE DO ITAJAÍ		PARTICULAR	SC	SUL	2007	ACADÊMICO	NÃO	3	MESTRADO	2007	NÃO	12	12	0	0	35	35	0	35	19	16	9	0	2	0	24	0	0	0	0	0	0	0.08	0	0.38	2	0.75				0	0	2	0.75	2	0.75	175252	108391	AVALIAÇÃO
2018	41005015010P7	COMPUTAÇÃO	CIÊNCIA DA COMPUTAÇÃO	UNIVALI	UNIVERSIDADE DO VALE DO ITAJAÍ		PARTICULAR	SC	SUL	2007	ACADÊMICO	NÃO	3	MESTRADO	2007	NÃO	14	14	0	0	38	38	0	38	24	14	7	0	5	0	26	0	0	0	0	0	0	0.19	0	0.27	1.86	0.5				0	0	1.86	0.5	1.86	0.5	175264	108378	AVALIAÇÃO
2019	41005015010P7	COMPUTAÇÃO	CIÊNCIA DA COMPUTAÇÃO	UNIVALI	UNIVERSIDADE DO VALE DO ITAJAÍ		PARTICULAR	SC	SUL	2007	ACADÊMICO	NÃO	3	MESTRADO	2007	NÃO	13	13	0	0	40	40	0	40	26	14	10	0	2	0	28	0	0	0	0	0	0	0.07	0	0.36	2.15	0.77				0	0	2.15	0.77	2.15	0.77	175284	108403	AVALIAÇÃO
2020	41005015010P7	COMPUTAÇÃO	CIÊNCIA DA COMPUTAÇÃO	UNIVALI	UNIVERSIDADE DO VALE DO ITAJAÍ		PARTICULAR	SC	SUL	2007	ACADÊMICO	NÃO	3	MESTRADO	2007	NÃO	14	13	1	0	38	38	0	38	28	10	9	1	3	0	25	0	0	0	0	0	0	0.12	0.04	0.36	1.92	0.69				0	0	1.92	0.69	1.79	0.64	202549	134210	AVALIAÇÃO
2017	42001013004P4	COMPUTAÇÃO	CIÊNCIA DA COMPUTAÇÃO	UFRGS	UNIVERSIDADE FEDERAL DO RIO GRANDE DO SUL		FEDERAL	RS	SUL	1973	ACADÊMICO	NÃO	7	MESTRADO/DOUTORADO	1973/1988	NÃO	60	55	5	0	307	190	126	316	128	62	41	5	17	1	126	107	19	28	2	2	94	0.13	0.04	0.33	2.29	0.75	0.02	0.02	0.3	1.71	0.51	4	1.25	3.67	1.15	166608	100627	AVALIAÇÃO
2018	42001013004P4	COMPUTAÇÃO	CIÊNCIA DA COMPUTAÇÃO	UFRGS	UNIVERSIDADE FEDERAL DO RIO GRANDE DO SUL		FEDERAL	RS	SUL	1973	ACADÊMICO	NÃO	7	MESTRADO/DOUTORADO	1973/1988	NÃO	58	54	4	0	300	199	112	311	126	73	43	4	23	0	129	94	18	23	1	5	83	0.18	0.03	0.33	2.39	0.8	0.06	0.01	0.28	1.54	0.43	3.93	1.22	3.66	1.14	166653	100671	AVALIAÇÃO
2019	42001013004P4	COMPUTAÇÃO	CIÊNCIA DA COMPUTAÇÃO	UFRGS	UNIVERSIDADE FEDERAL DO RIO GRANDE DO SUL		FEDERAL	RS	SUL	1973	ACADÊMICO	NÃO	7	MESTRADO/DOUTORADO	1973/1988	NÃO	57	54	3	0	287	194	103	297	128	66	41	4	21	0	128	82	21	20	1	6	76	0.16	0.03	0.32	2.37	0.76	0.08	0.01	0.26	1.41	0.37	3.78	1.13	3.58	1.07	166661	100676	AVALIAÇÃO
2020	42001013004P4	COMPUTAÇÃO	CIÊNCIA DA COMPUTAÇÃO	UFRGS	UNIVERSIDADE FEDERAL DO RIO GRANDE DO SUL		FEDERAL	RS	SUL	1973	ACADÊMICO	NÃO	7	MESTRADO/DOUTORADO	1973/1988	NÃO	59	54	5	0	295	197	103	300	123	74	36	4	10	0	147	74	29	14	0	4	85	0.07	0.03	0.24	2.72	0.67	0.05	0	0.16	1.57	0.26	4.3	0.93	3.93	0.85	197496	129924	AVALIAÇÃO
2017	42002010036P3	CIÊNCIA DA COMPUTAÇÃO	CIÊNCIA DA COMPUTAÇÃO	UFSM	UNIVERSIDADE FEDERAL DE SANTA MARIA		FEDERAL	RS	SUL	2007	ACADÊMICO	NÃO	3	MESTRADO	2007	NÃO	36	35	1	0	115	115	0	115	75	40	21	4	12	0	78	0	0	0	0	0	0	0.15	0.05	0.27	2.23	0.6				0	0	2.23	0.6	2.17	0.58	169953	103735	AVALIAÇÃO
2018	42002010036P3	CIÊNCIA DA COMPUTAÇÃO	CIÊNCIA DA COMPUTAÇÃO	UFSM	UNIVERSIDADE FEDERAL DE SANTA MARIA		FEDERAL	RS	SUL	2007	ACADÊMICO	NÃO	3	MESTRADO	2007	NÃO	36	35	1	0	115	115	0	115	78	37	34	5	7	0	69	0	0	0	0	0	0	0.1	0.07	0.49	1.97	0.97				0	0	1.97	0.97	1.92	0.94	173384	106935	AVALIAÇÃO
2019	42002010036P3	CIÊNCIA DA COMPUTAÇÃO	CIÊNCIA DA COMPUTAÇÃO	UFSM	UNIVERSIDADE FEDERAL DE SANTA MARIA		FEDERAL	RS	SUL	2007	ACADÊMICO	NÃO	3	MESTRADO	2007	NÃO	28	28	0	0	92	92	0	92	69	23	26	2	9	0	55	0	0	0	0	0	0	0.16	0.04	0.47	1.96	0.93				0	0	1.96	0.93	1.96	0.93	173795	107234	AVALIAÇÃO
2020	42002010036P3	CIÊNCIA DA COMPUTAÇÃO	CIÊNCIA DA COMPUTAÇÃO	UFSM	UNIVERSIDADE FEDERAL DE SANTA MARIA		FEDERAL	RS	SUL	2007	ACADÊMICO	NÃO	3	MESTRADO	2007	NÃO	25	25	0	0	66	66	0	66	55	11	28	4	3	0	31	0	0	0	0	0	0	0.1	0.13	0.9	1.24	1.12				0	0	1.24	1.12	1.24	1.12	202920	134500	AVALIAÇÃO
2017	42003016038P9	COMPUTAÇÃO	CIÊNCIA DA COMPUTAÇÃO	UFPEL	UNIVERSIDADE FEDERAL DE PELOTAS		FEDERAL	RS	SUL	2011	ACADÊMICO	NÃO	4	MESTRADO/DOUTORADO	2011/2015	NÃO	26	22	4	0	106	61	48	109	47	14	16	0	1	0	44	33	15	0	0	0	48	0.02	0	0.36	2	0.73	0	0	0	2.18	0	4.18	0.73	3.54	0.62	133220	69578	AVALIAÇÃO
2018	42003016038P9	COMPUTAÇÃO	CIÊNCIA DA COMPUTAÇÃO	UFPEL	UNIVERSIDADE FEDERAL DE PELOTAS		FEDERAL	RS	SUL	2011	ACADÊMICO	NÃO	4	MESTRADO/DOUTORADO	2011/2015	NÃO	27	22	5	0	121	64	62	126	43	21	13	8	0	0	43	48	14	0	1	0	61	0	0.19	0.3	1.95	0.59	0	0.02	0	2.77	0	4.73	0.59	3.85	0.48	141100	76373	AVALIAÇÃO
2019	42003016038P9	COMPUTAÇÃO	CIÊNCIA DA COMPUTAÇÃO	UFPEL	UNIVERSIDADE FEDERAL DE PELOTAS		FEDERAL	RS	SUL	2011	ACADÊMICO	NÃO	4	MESTRADO/DOUTORADO	2011/2015	NÃO	26	16	10	0	131	57	76	133	36	21	8	1	2	0	46	61	15	7	0	2	67	0.04	0.02	0.17	2.88	0.5	0.03	0	0.1	4.19	0.44	7.06	0.94	4.35	0.58	142656	78104	AVALIAÇÃO
2020	42003016038P9	COMPUTAÇÃO	CIÊNCIA DA COMPUTAÇÃO	UFPEL	UNIVERSIDADE FEDERAL DE PELOTAS		FEDERAL	RS	SUL	2011	ACADÊMICO	NÃO	4	MESTRADO/DOUTORADO	2011/2015	NÃO	25	18	7	0	159	59	107	166	39	20	17	1	2	0	39	67	40	15	1	3	88	0.05	0.03	0.44	2.17	0.94	0.03	0.01	0.17	4.89	0.83	7.06	1.78	5.08	1.28	197687	130107	AVALIAÇÃO
2017	42004012022P1	COMPUTAÇÃO	CIÊNCIA DA COMPUTAÇÃO	FURG	UNIVERSIDADE FEDERAL DO RIO GRANDE		FEDERAL	RS	SUL	2012	ACADÊMICO	NÃO	3	MESTRADO	2012	NÃO	25	24	1	0	80	80	0	80	50	30	22	0	3	0	55	0	0	0	0	0	0	0.05	0	0.4	2.29	0.92				0	0	2.29	0.92	2.2	0.88	164287	98163	AVALIAÇÃO
2018	42004012022P1	COMPUTAÇÃO	CIÊNCIA DA COMPUTAÇÃO	FURG	UNIVERSIDADE FEDERAL DO RIO GRANDE		FEDERAL	RS	SUL	2012	ACADÊMICO	NÃO	3	MESTRADO	2012	NÃO	26	25	1	0	87	87	0	87	55	32	27	0	6	0	54	0	0	0	0	0	0	0.11	0	0.5	2.16	1.08				0	0	2.16	1.08	2.08	1.04	167262	101173	AVALIAÇÃO
2019	42004012022P1	COMPUTAÇÃO	CIÊNCIA DA COMPUTAÇÃO	FURG	UNIVERSIDADE FEDERAL DO RIO GRANDE		FEDERAL	RS	SUL	2012	ACADÊMICO	NÃO	3	MESTRADO	2012	NÃO	16	15	1	0	83	83	0	83	54	29	20	7	9	0	47	0	0	0	0	0	0	0.19	0.15	0.43	3.13	1.33				0	0	3.13	1.33	2.94	1.25	170926	104661	AVALIAÇÃO
2020	42004012022P1	COMPUTAÇÃO	CIÊNCIA DA COMPUTAÇÃO	FURG	UNIVERSIDADE FEDERAL DO RIO GRANDE		FEDERAL	RS	SUL	2012	ACADÊMICO	NÃO	3	MESTRADO	2012	NÃO	15	15	0	0	65	65	0	65	45	20	15	0	8	0	42	0	0	0	0	0	0	0.19	0	0.36	2.8	1				0	0	2.8	1	2.8	1	205303	136683	AVALIAÇÃO
2017	42005019016P8	CIÊNCIA DA COMPUTAÇÃO	CIÊNCIA DA COMPUTAÇÃO	PUC/RS	PONTIFÍCIA UNIVERSIDADE CATÓLICA DO RIO GRANDE DO SUL		PARTICULAR	RS	SUL	1994	ACADÊMICO	NÃO	6	MESTRADO/DOUTORADO	1994/2004	NÃO	24	23	1	0	213	134	88	222	88	46	25	2	13	0	94	71	17	19	0	2	67	0.14	0.02	0.27	4.09	1.09	0.03	0	0.28	2.91	0.83	7	1.91	6.71	1.83	168674	102561	AVALIAÇÃO
2018	42005019016P8	CIÊNCIA DA COMPUTAÇÃO	CIÊNCIA DA COMPUTAÇÃO	PUC/RS	PONTIFÍCIA UNIVERSIDADE CATÓLICA DO RIO GRANDE DO SUL		PARTICULAR	RS	SUL	1994	ACADÊMICO	NÃO	6	MESTRADO/DOUTORADO	1994/2004	NÃO	24	23	1	0	206	136	82	218	94	42	28	0	29	0	79	67	15	14	0	4	64	0.37	0	0.35	3.43	1.22	0.06	0	0.22	2.78	0.61	6.22	1.83	5.96	1.75	168733	102611	AVALIAÇÃO
2019	42005019016P8	CIÊNCIA DA COMPUTAÇÃO	CIÊNCIA DA COMPUTAÇÃO	PUC/RS	PONTIFÍCIA UNIVERSIDADE CATÓLICA DO RIO GRANDE DO SUL		PARTICULAR	RS	SUL	1994	ACADÊMICO	NÃO	6	MESTRADO/DOUTORADO	1994/2004	NÃO	24	23	1	0	206	131	80	211	78	53	21	16	15	0	79	64	16	18	0	2	60	0.19	0.2	0.27	3.43	0.91	0.03	0	0.3	2.61	0.78	6.04	1.7	5.79	1.63	168869	102745	AVALIAÇÃO
2020	42005019016P8	CIÊNCIA DA COMPUTAÇÃO	CIÊNCIA DA COMPUTAÇÃO	PUC/RS	PONTIFÍCIA UNIVERSIDADE CATÓLICA DO RIO GRANDE DO SUL		PARTICULAR	RS	SUL	1994	ACADÊMICO	NÃO	6	MESTRADO/DOUTORADO	1994/2004	NÃO	24	23	1	0	184	117	78	195	79	38	28	0	6	0	83	60	18	9	0	3	66	0.07	0	0.34	3.61	1.22	0.05	0	0.14	2.87	0.39	6.48	1.61	6.21	1.54	203013	134572	AVALIAÇÃO
2017	42007011006P5	COMPUTAÇÃO APLICADA	CIÊNCIA DA COMPUTAÇÃO	UNISINOS	UNIVERSIDADE DO VALE DO RIO DOS SINOS		PARTICULAR	RS	SUL	2000	ACADÊMICO	NÃO	4	MESTRADO/DOUTORADO	2000/2015	NÃO	16	15	1	0	108	86	22	108	58	28	31	0	4	0	51	12	10	0	0	0	22	0.08	0	0.61	3.4	2.07	0	0	0	1.47	0	4.87	2.07	4.56	1.94	161096	95663	AVALIAÇÃO
2018	42007011006P5	COMPUTAÇÃO APLICADA	CIÊNCIA DA COMPUTAÇÃO	UNISINOS	UNIVERSIDADE DO VALE DO RIO DOS SINOS		PARTICULAR	RS	SUL	2000	ACADÊMICO	NÃO	4	MESTRADO/DOUTORADO	2000/2015	NÃO	13	12	1	0	110	77	33	110	51	26	20	0	6	0	51	22	11	0	0	1	32	0.12	0	0.39	4.25	1.67	0.03	0	0	2.67	0	6.92	1.67	6.38	1.54	161098	95665	AVALIAÇÃO
2019	42007011006P5	COMPUTAÇÃO APLICADA	CIÊNCIA DA COMPUTAÇÃO	UNISINOS	UNIVERSIDADE DO VALE DO RIO DOS SINOS		PARTICULAR	RS	SUL	2000	ACADÊMICO	NÃO	4	MESTRADO/DOUTORADO	2000/2015	NÃO	14	14	0	0	112	72	45	117	51	21	24	0	0	0	48	32	13	5	0	0	40	0	0	0.5	3.43	1.71	0	0	0.13	2.86	0.36	6.29	2.07	6.29	2.07	162889	97010	AVALIAÇÃO
2020	42007011006P5	COMPUTAÇÃO APLICADA	CIÊNCIA DA COMPUTAÇÃO	UNISINOS	UNIVERSIDADE DO VALE DO RIO DOS SINOS		PARTICULAR	RS	SUL	2000	ACADÊMICO	NÃO	4	MESTRADO/DOUTORADO	2000/2015	NÃO	12	12	0	0	139	79	64	143	48	31	23	0	3	0	53	40	24	7	0	0	57	0.06	0	0.43	4.42	1.92	0	0	0.12	4.75	0.58	9.17	2.5	9.17	2.5	203199	134751	AVALIAÇÃO
2017	42009014011P1	COMPUTAÇÃO APLICADA	CIÊNCIA DA COMPUTAÇÃO	FUPF	FUNDAÇÃO UNIVERSIDADE DE PASSO FUNDO		PARTICULAR	RS	SUL	2014	PROFISSIONAL	NÃO	3	MESTRADO PROFISSIONAL	2014	NÃO	14	11	3	0	56	56	0	56	40	16	22	3	0	0	31	0	0	0	0	0	0	0	0.1	0.71	2.82	2				0	0	2.82	2	2.21	1.57	166399	100419	AVALIAÇÃO
2018	42009014011P1	COMPUTAÇÃO APLICADA	CIÊNCIA DA COMPUTAÇÃO	FUPF	FUNDAÇÃO UNIVERSIDADE DE PASSO FUNDO		PARTICULAR	RS	SUL	2014	PROFISSIONAL	NÃO	3	MESTRADO PROFISSIONAL	2014	NÃO	14	10	4	0	46	46	0	46	31	15	17	2	0	0	27	0	0	0	0	0	0	0	0.07	0.63	2.7	1.7				0	0	2.7	1.7	1.93	1.21	166413	100432	AVALIAÇÃO
2019	42009014011P1	COMPUTAÇÃO APLICADA	CIÊNCIA DA COMPUTAÇÃO	FUPF	FUNDAÇÃO UNIVERSIDADE DE PASSO FUNDO		PARTICULAR	RS	SUL	2014	PROFISSIONAL	NÃO	3	MESTRADO PROFISSIONAL	2014	NÃO	14	11	3	0	40	40	0	40	27	13	13	0	0	0	27	0	0	0	0	0	0	0	0	0.48	2.45	1.18				0	0	2.45	1.18	1.93	0.93	166417	100436	AVALIAÇÃO
2020	42009014011P1	COMPUTAÇÃO APLICADA	CIÊNCIA DA COMPUTAÇÃO	FUPF	FUNDAÇÃO UNIVERSIDADE DE PASSO FUNDO		PARTICULAR	RS	SUL	2014	PROFISSIONAL	NÃO	3	MESTRADO PROFISSIONAL	2014	NÃO	13	10	3	0	35	35	0	35	27	8	14	2	1	0	18	0	0	0	0	0	0	0.06	0.11	0.78	1.8	1.4				0	0	1.8	1.4	1.38	1.08	196411	128863	AVALIAÇÃO
2019	42046017016P1	ENGENHARIA DE SOFTWARE	ENGENHARIA DE SOFTWARE	UNIPAMPA	FUNDAÇÃO UNIVERSIDADE FEDERAL DO PAMPA		FEDERAL	RS	SUL	2019	PROFISSIONAL	NÃO	A	MESTRADO PROFISSIONAL	2019	NÃO	10	10	0	0	19	19	0	19	0	19	0	0	0	0	19	0	0	0	0	0	0	0	0	0	1.9	0				0	0	1.9	0	1.9	0	159497	94346	AVALIAÇÃO
2020	42046017016P1	ENGENHARIA DE SOFTWARE	ENGENHARIA DE SOFTWARE	UNIPAMPA	FUNDAÇÃO UNIVERSIDADE FEDERAL DO PAMPA		FEDERAL	RS	SUL	2019	PROFISSIONAL	NÃO	A	MESTRADO PROFISSIONAL	2019	NÃO	10	10	0	0	34	34	0	34	18	16	1	2	0	0	31	0	0	0	0	0	0	0	0.06	0.03	3.1	0.1				0	0	3.1	0.1	3.1	0.1	198795	131078	AVALIAÇÃO
2017	51001012012P2	CIÊNCIA DA COMPUTAÇÃO	CIÊNCIA DA COMPUTAÇÃO	UFMS	FUNDAÇÃO UNIVERSIDADE FEDERAL DE MATO GROSSO DO SUL		FEDERAL	MS	CENTRO-OESTE	1999	ACADÊMICO	NÃO	4	MESTRADO/DOUTORADO	1999/2019	NÃO	27	21	6	0	56	56	0	56	31	25	14	0	8	0	34	0	0	0	0	0	0	0.24	0	0.41	1.62	0.67				0	0	1.62	0.67	1.26	0.52	134231	70499	AVALIAÇÃO
2018	51001012012P2	CIÊNCIA DA COMPUTAÇÃO	CIÊNCIA DA COMPUTAÇÃO	UFMS	FUNDAÇÃO UNIVERSIDADE FEDERAL DE MATO GROSSO DO SUL		FEDERAL	MS	CENTRO-OESTE	1999	ACADÊMICO	NÃO	4	MESTRADO/DOUTORADO	1999/2019	NÃO	26	22	4	0	46	46	0	46	34	12	10	0	7	0	29	0	0	0	0	0	0	0.24	0	0.34	1.32	0.45				0	0	1.32	0.45	1.12	0.38	139639	75180	AVALIAÇÃO
2019	51001012012P2	CIÊNCIA DA COMPUTAÇÃO	CIÊNCIA DA COMPUTAÇÃO	UFMS	FUNDAÇÃO UNIVERSIDADE FEDERAL DE MATO GROSSO DO SUL		FEDERAL	MS	CENTRO-OESTE	1999	ACADÊMICO	NÃO	4	MESTRADO/DOUTORADO	1999/2019	NÃO	26	18	8	0	57	45	13	58	26	19	15	0	9	0	21	0	13	1	0	0	12	0.43	0	0.71	1.17	0.83	0	0	0.08	0.67	0.06	1.83	0.89	1.27	0.62	158940	93907	AVALIAÇÃO
2020	51001012012P2	CIÊNCIA DA COMPUTAÇÃO	CIÊNCIA DA COMPUTAÇÃO	UFMS	FUNDAÇÃO UNIVERSIDADE FEDERAL DE MATO GROSSO DO SUL		FEDERAL	MS	CENTRO-OESTE	1999	ACADÊMICO	NÃO	4	MESTRADO/DOUTORADO	1999/2019	NÃO	24	18	6	0	69	48	22	70	21	27	4	0	3	0	41	12	10	1	0	0	21	0.07	0	0.1	2.28	0.22	0	0	0.05	1.17	0.06	3.44	0.28	2.58	0.21	202082	133764	AVALIAÇÃO
2017	51001012028P6	CIÊNCIA DA COMPUTAÇÃO - UFMS - UFG	CIÊNCIA DA COMPUTAÇÃO	UFMS	FUNDAÇÃO UNIVERSIDADE FEDERAL DE MATO GROSSO DO SUL	UFG	FEDERAL	MS	CENTRO-OESTE	2010	ACADÊMICO	NÃO	4	DOUTORADO	2010	NÃO	23	20	1	2	68	0	68	68	0	0	0	0	0	0	0	45	23	2	0	3	63				0	0	0.05	0	0.03	3.15	0.1	3.15	0.1	2.74	0.09	132941	69366	AVALIAÇÃO
2018	51001012028P6	CIÊNCIA DA COMPUTAÇÃO - UFMS - UFG	CIÊNCIA DA COMPUTAÇÃO	UFMS	FUNDAÇÃO UNIVERSIDADE FEDERAL DE MATO GROSSO DO SUL	UFG	FEDERAL	MS	CENTRO-OESTE	2010	ACADÊMICO	NÃO	4	DOUTORADO	2010	NÃO	25	22	1	2	84	0	84	84	0	0	0	0	0	0	0	61	23	8	1	1	74				0	0	0.01	0.01	0.11	3.36	0.36	3.36	0.36	2.96	0.32	136825	72771	AVALIAÇÃO
2019	51001012028P6	CIÊNCIA DA COMPUTAÇÃO - UFMS - UFG	CIÊNCIA DA COMPUTAÇÃO	UFMS	FUNDAÇÃO UNIVERSIDADE FEDERAL DE MATO GROSSO DO SUL	UFG	FEDERAL	MS	CENTRO-OESTE	2010	ACADÊMICO	NÃO	4	DOUTORADO	2010	NÃO	24	22	1	1	74	0	74	74	0	0	0	0	0	0	0	74	0	11	0	38	25				0	0	1.52	0	0.44	1.14	0.5	1.14	0.5	1.04	0.46	145862	82708	AVALIAÇÃO
2020	51001012028P6	CIÊNCIA DA COMPUTAÇÃO - UFMS - UFG	CIÊNCIA DA COMPUTAÇÃO	UFMS	FUNDAÇÃO UNIVERSIDADE FEDERAL DE MATO GROSSO DO SUL	UFG	FEDERAL	MS	CENTRO-OESTE	2010	ACADÊMICO	NÃO	4	DOUTORADO	2010	NÃO	23	22	0	1	24	0	24	24	0	0	0	0	0	0	0	24	0	5	0	1	18				0	0	0.06	0	0.28	0.82	0.23	0.82	0.23	0.78	0.22	202161	133842	AVALIAÇÃO
2017	51001012038P1	COMPUTAÇÃO APLICADA	CIÊNCIA DA COMPUTAÇÃO	UFMS	FUNDAÇÃO UNIVERSIDADE FEDERAL DE MATO GROSSO DO SUL		FEDERAL	MS	CENTRO-OESTE	2013	PROFISSIONAL	NÃO	3	MESTRADO PROFISSIONAL	2013	NÃO	25	18	7	0	44	44	0	44	29	15	10	0	12	0	22	0	0	0	0	0	0	0.55	0	0.45	1.22	0.56				0	0	1.22	0.56	0.88	0.4	164438	98312	AVALIAÇÃO
2018	51001012038P1	COMPUTAÇÃO APLICADA	CIÊNCIA DA COMPUTAÇÃO	UFMS	FUNDAÇÃO UNIVERSIDADE FEDERAL DE MATO GROSSO DO SUL		FEDERAL	MS	CENTRO-OESTE	2013	PROFISSIONAL	NÃO	3	MESTRADO PROFISSIONAL	2013	NÃO	24	17	7	0	37	37	0	37	22	15	8	0	3	0	26	0	0	0	0	0	0	0.12	0	0.31	1.53	0.47				0	0	1.53	0.47	1.08	0.33	164484	98330	AVALIAÇÃO
2019	51001012038P1	COMPUTAÇÃO APLICADA	CIÊNCIA DA COMPUTAÇÃO	UFMS	FUNDAÇÃO UNIVERSIDADE FEDERAL DE MATO GROSSO DO SUL		FEDERAL	MS	CENTRO-OESTE	2013	PROFISSIONAL	NÃO	3	MESTRADO PROFISSIONAL	2013	NÃO	21	14	7	0	40	40	0	40	25	15	9	0	8	0	23	0	0	0	0	0	0	0.35	0	0.39	1.64	0.64				0	0	1.64	0.64	1.1	0.43	164535	98397	AVALIAÇÃO
2020	51001012038P1	COMPUTAÇÃO APLICADA	CIÊNCIA DA COMPUTAÇÃO	UFMS	FUNDAÇÃO UNIVERSIDADE FEDERAL DE MATO GROSSO DO SUL		FEDERAL	MS	CENTRO-OESTE	2013	PROFISSIONAL	NÃO	3	MESTRADO PROFISSIONAL	2013	NÃO	20	13	7	0	47	47	0	47	21	26	6	2	2	0	37	0	0	0	0	0	0	0.05	0.05	0.16	2.85	0.46				0	0	2.85	0.46	1.85	0.3	200226	132330	AVALIAÇÃO
2017	52001016027P2	CIÊNCIA DA COMPUTAÇÃO	CIÊNCIA DA COMPUTAÇÃO	UFG	UNIVERSIDADE FEDERAL DE GOIÁS		FEDERAL	GO	CENTRO-OESTE	2004	ACADÊMICO	NÃO	4	MESTRADO/DOUTORADO	2004/2019	NÃO	34	31	2	1	90	90	0	90	60	30	32	0	2	0	56	0	0	0	0	0	0	0.04	0	0.57	1.81	1.03				0	0	1.81	1.03	1.65	0.94	164528	98390	AVALIAÇÃO
2018	52001016027P2	CIÊNCIA DA COMPUTAÇÃO	CIÊNCIA DA COMPUTAÇÃO	UFG	UNIVERSIDADE FEDERAL DE GOIÁS		FEDERAL	GO	CENTRO-OESTE	2004	ACADÊMICO	NÃO	4	MESTRADO/DOUTORADO	2004/2019	NÃO	36	32	3	1	85	85	0	85	56	29	25	0	4	0	56	0	0	0	0	0	0	0.07	0	0.45	1.75	0.78				0	0	1.75	0.78	1.56	0.69	165746	99757	AVALIAÇÃO
2019	52001016027P2	CIÊNCIA DA COMPUTAÇÃO	CIÊNCIA DA COMPUTAÇÃO	UFG	UNIVERSIDADE FEDERAL DE GOIÁS		FEDERAL	GO	CENTRO-OESTE	2004	ACADÊMICO	NÃO	4	MESTRADO/DOUTORADO	2004/2019	NÃO	36	32	3	1	136	93	44	137	56	37	19	0	10	0	64	0	44	0	0	0	44	0.16	0	0.3	2	0.59	0	0	0	1.38	0	3.38	0.59	3	0.53	166651	100669	AVALIAÇÃO
2020	52001016027P2	CIÊNCIA DA COMPUTAÇÃO	CIÊNCIA DA COMPUTAÇÃO	UFG	UNIVERSIDADE FEDERAL DE GOIÁS		FEDERAL	GO	CENTRO-OESTE	2004	ACADÊMICO	NÃO	4	MESTRADO/DOUTORADO	2004/2019	NÃO	36	32	3	1	147	88	63	151	64	24	26	0	7	0	55	44	19	0	0	2	61	0.13	0	0.47	1.72	0.81	0.03	0	0	1.91	0	3.63	0.81	3.22	0.72	203840	135345	AVALIAÇÃO
2017	53001010054P6	INFORMÁTICA	CIÊNCIA DA COMPUTAÇÃO	UNB	UNIVERSIDADE DE BRASÍLIA		FEDERAL	DF	CENTRO-OESTE	1989	ACADÊMICO	NÃO	5	MESTRADO/DOUTORADO	1989/2010	NÃO	24	24	0	0	124	74	51	125	46	28	14	2	0	0	58	41	10	7	0	0	44	0	0.03	0.24	2.42	0.58	0	0	0.16	1.83	0.29	4.25	0.88	4.25	0.88	130882	67686	AVALIAÇÃO
2018	53001010054P6	INFORMÁTICA	CIÊNCIA DA COMPUTAÇÃO	UNB	UNIVERSIDADE DE BRASÍLIA		FEDERAL	DF	CENTRO-OESTE	1989	ACADÊMICO	NÃO	5	MESTRADO/DOUTORADO	1989/2010	NÃO	26	26	0	0	121	68	57	125	58	10	21	0	0	0	47	42	15	1	0	0	56	0	0	0.45	1.81	0.81	0	0	0.02	2.15	0.04	3.96	0.85	3.96	0.85	137352	73305	AVALIAÇÃO
2019	53001010054P6	INFORMÁTICA	CIÊNCIA DA COMPUTAÇÃO	UNB	UNIVERSIDADE DE BRASÍLIA		FEDERAL	DF	CENTRO-OESTE	1989	ACADÊMICO	NÃO	5	MESTRADO/DOUTORADO	1989/2010	NÃO	26	25	1	0	140	66	75	141	36	30	18	0	8	0	40	50	25	6	0	7	62	0.2	0	0.45	1.6	0.72	0.11	0	0.1	2.48	0.24	4.08	0.96	3.92	0.92	164763	98849	AVALIAÇÃO
2020	53001010054P6	INFORMÁTICA	CIÊNCIA DA COMPUTAÇÃO	UNB	UNIVERSIDADE DE BRASÍLIA		FEDERAL	DF	CENTRO-OESTE	1989	ACADÊMICO	NÃO	5	MESTRADO/DOUTORADO	1989/2010	NÃO	31	30	1	0	130	59	73	132	40	19	15	1	0	0	43	62	11	1	0	3	69	0	0.02	0.35	1.43	0.5	0.04	0	0.01	2.3	0.03	3.73	0.53	3.61	0.52	203881	135386	AVALIAÇÃO
2017	53001010098P3	COMPUTAÇÃO APLICADA	CIÊNCIA DA COMPUTAÇÃO	UNB	UNIVERSIDADE DE BRASÍLIA		FEDERAL	DF	CENTRO-OESTE	2012	PROFISSIONAL	NÃO	3	MESTRADO PROFISSIONAL	2012	NÃO	26	21	5	0	95	95	0	95	62	33	22	0	7	0	66	0	0	0	0	0	0	0.11	0	0.33	3.14	1.05				0	0	3.14	1.05	2.54	0.85	170183	103967	AVALIAÇÃO
2018	53001010098P3	COMPUTAÇÃO APLICADA	CIÊNCIA DA COMPUTAÇÃO	UNB	UNIVERSIDADE DE BRASÍLIA		FEDERAL	DF	CENTRO-OESTE	2012	PROFISSIONAL	NÃO	3	MESTRADO PROFISSIONAL	2012	NÃO	28	23	5	0	101	101	0	101	66	35	29	0	3	0	69	0	0	0	0	0	0	0.04	0	0.42	3	1.26				0	0	3	1.26	2.46	1.04	171016	104762	AVALIAÇÃO
2019	53001010098P3	COMPUTAÇÃO APLICADA	CIÊNCIA DA COMPUTAÇÃO	UNB	UNIVERSIDADE DE BRASÍLIA		FEDERAL	DF	CENTRO-OESTE	2012	PROFISSIONAL	NÃO	3	MESTRADO PROFISSIONAL	2012	NÃO	30	21	9	0	102	102	0	102	69	33	28	1	0	0	73	0	0	0	0	0	0	0	0.01	0.38	3.48	1.33				0	0	3.48	1.33	2.43	0.93	176761	109507	AVALIAÇÃO
2020	53001010098P3	COMPUTAÇÃO APLICADA	CIÊNCIA DA COMPUTAÇÃO	UNB	UNIVERSIDADE DE BRASÍLIA		FEDERAL	DF	CENTRO-OESTE	2012	PROFISSIONAL	NÃO	3	MESTRADO PROFISSIONAL	2012	NÃO	30	24	6	0	117	117	0	117	70	47	18	2	0	0	97	0	0	0	0	0	0	0	0.02	0.19	4.04	0.75				0	0	4.04	0.75	3.23	0.6	204614	135951	AVALIAÇÃO
