,Ano Base,Cod PPG,Nome PPG,Área Básica,IES Principal Sigla,IES Principal Nome,IES da Rede Sigla,Status Jurídico,UF,Região,PPG Ano Início,Modalidade,Mudança de modalidade no quadriênio?,Nota,Nível,Ano Início Nível,Teve turmas de PCI/MINTER/DINTER/Fora de sede quadriênio?,Sofreu migração no quadriênio?,Código do(s) pppg(s) de origem,Nome do(s) pppg(s) de origem,Código do(s) pppg(s) de destino,Nome do(s) pppg(s) de destino,Data de referência,Nº Permanentes (DP),Nº Colaboradores,Nº Visitantes,Total Docentes (T),"DP/Total (DP/T)
%",Nº Áreas de concentração,Nº Linhas de pesquisa,Nº Turmas de Mestrado (apenas),Nº Turmas de Doutorado (apenas),N° de turmas mistas (M e D),Total de turmas sob responsabilidade de DP,Total de turmas ,Nº projetos em andamento com financiamento,Nº projetos em andamento com participação discente,Nº projetos em andamento,Nº projetos concluídos,Total projetos,Nº Dissertações,Nº  Teses,Nº Dissertações de bolsistas,Nº  Teses de bolsistas,Total de bolsistas sanduíche,Premiação,Categoria de premiação,Autor,URL do PPG,ID_ADD_FOTO_PROGRAMA_IES_PRINC,ID_ADD_FOTO_PROGRAMA,Tipo de Clientela
0,2019,11001011072P2,CIÊNCIA DA COMPUTAÇÃO,CIÊNCIA DA COMPUTAÇÃO,UFAC,UNIVERSIDADE FEDERAL DO ACRE,,FEDERAL,AC,NORTE,2018,ACADÊMICO,NÃO,A,MESTRADO,2018,,NÃO,,,,,,13,0,0,13,100.0,1,2,11,0,0,11,11,0,3,4,0,4,0,0,0,0,0,,,,http://www.ufac.br,173411,106959,AVALIAÇÃO
1,2020,11001011072P2,CIÊNCIA DA COMPUTAÇÃO,CIÊNCIA DA COMPUTAÇÃO,UFAC,UNIVERSIDADE FEDERAL DO ACRE,,FEDERAL,AC,NORTE,2018,ACADÊMICO,NÃO,A,MESTRADO,2018,,NÃO,,,,,,13,0,0,13,100.0,1,2,7,0,0,7,7,0,4,5,1,6,0,0,0,0,0,,,,http://www.ufac.br,197114,129568,AVALIAÇÃO
2,2017,12001015012P2,INFORMÁTICA,CIÊNCIA DA COMPUTAÇÃO,UFAM,UNIVERSIDADE FEDERAL DO AMAZONAS,,FEDERAL,AM,NORTE,2001,ACADÊMICO,NÃO,5,MESTRADO/DOUTORADO,2001/2008,,NÃO,,,,,,24,0,0,24,100.0,1,6,4,8,21,33,33,12,0,13,11,24,25,12,9,5,0,,,,http://www.ppgi.icomp.ufam.edu.br,172714,106397,AVALIAÇÃO
3,2018,12001015012P2,INFORMÁTICA,CIÊNCIA DA COMPUTAÇÃO,UFAM,UNIVERSIDADE FEDERAL DO AMAZONAS,,FEDERAL,AM,NORTE,2001,ACADÊMICO,NÃO,5,MESTRADO/DOUTORADO,2001/2008,,NÃO,,,,,,25,1,0,26,96.2,1,6,4,8,22,34,34,21,6,22,4,26,26,8,3,0,0,,,,http://www.ppgi.icomp.ufam.edu.br,172741,106414,AVALIAÇÃO
4,2019,12001015012P2,INFORMÁTICA,CIÊNCIA DA COMPUTAÇÃO,UFAM,UNIVERSIDADE FEDERAL DO AMAZONAS,,FEDERAL,AM,NORTE,2001,ACADÊMICO,NÃO,5,MESTRADO/DOUTORADO,2001/2008,,NÃO,,,,,,26,2,0,28,92.9,1,6,4,8,21,33,33,26,5,28,2,30,27,12,12,2,0,,,,http://www.ppgi.icomp.ufam.edu.br,172742,106415,AVALIAÇÃO
5,2020,12001015012P2,INFORMÁTICA,CIÊNCIA DA COMPUTAÇÃO,UFAM,UNIVERSIDADE FEDERAL DO AMAZONAS,,FEDERAL,AM,NORTE,2001,ACADÊMICO,NÃO,5,MESTRADO/DOUTORADO,2001/2008,,NÃO,,,,,,23,5,0,28,82.1,1,6,2,4,19,25,25,18,3,20,11,31,13,12,3,0,1,,,,http://www.ppgi.icomp.ufam.edu.br,199536,131738,AVALIAÇÃO
6,2017,15001016047P9,CIÊNCIA DA COMPUTAÇÃO,CIÊNCIA DA COMPUTAÇÃO,UFPA,UNIVERSIDADE FEDERAL DO PARÁ,,FEDERAL,PA,NORTE,2005,ACADÊMICO,NÃO,4,MESTRADO/DOUTORADO,2005/2015,,NÃO,,,,,,18,2,0,20,90.0,2,7,0,0,19,18,19,43,25,66,20,86,14,1,7,1,0,,,,http://www.ppgcc.propesp.ufpa.br,169316,103166,AVALIAÇÃO
7,2018,15001016047P9,CIÊNCIA DA COMPUTAÇÃO,CIÊNCIA DA COMPUTAÇÃO,UFPA,UNIVERSIDADE FEDERAL DO PARÁ,,FEDERAL,PA,NORTE,2005,ACADÊMICO,NÃO,4,MESTRADO/DOUTORADO,2005/2015,,NÃO,,,,,,20,3,0,23,87.0,2,5,0,0,25,25,25,42,23,70,13,83,26,0,11,0,0,,,,http://www.ppgcc.propesp.ufpa.br,169341,103185,AVALIAÇÃO
8,2019,15001016047P9,CIÊNCIA DA COMPUTAÇÃO,CIÊNCIA DA COMPUTAÇÃO,UFPA,UNIVERSIDADE FEDERAL DO PARÁ,,FEDERAL,PA,NORTE,2005,ACADÊMICO,NÃO,4,MESTRADO/DOUTORADO,2005/2015,,NÃO,,,,,,20,3,0,23,87.0,2,5,0,0,20,20,20,38,19,66,14,80,19,5,9,3,0,,,,http://www.ppgcc.propesp.ufpa.br,169388,103205,AVALIAÇÃO
9,2020,15001016047P9,CIÊNCIA DA COMPUTAÇÃO,CIÊNCIA DA COMPUTAÇÃO,UFPA,UNIVERSIDADE FEDERAL DO PARÁ,,FEDERAL,PA,NORTE,2005,ACADÊMICO,NÃO,4,MESTRADO/DOUTORADO,2005/2015,,NÃO,,,,,,20,2,0,22,90.9,2,6,0,0,12,12,12,39,19,66,12,78,14,7,8,1,0,,,,http://www.ppgcc.propesp.ufpa.br,201113,133092,AVALIAÇÃO
10,2017,15001016092P4,COMPUTAÇÃO APLICADA,CIÊNCIA DA COMPUTAÇÃO,UFPA,UNIVERSIDADE FEDERAL DO PARÁ,,FEDERAL,PA,NORTE,2016,PROFISSIONAL,NÃO,3,MESTRADO PROFISSIONAL,2016,,NÃO,,,,,,9,1,0,10,90.0,1,1,19,0,0,15,19,0,27,28,0,28,0,0,0,0,0,,,,http://ppca.propesp.ufpa.br,132781,69224,AVALIAÇÃO
11,2018,15001016092P4,COMPUTAÇÃO APLICADA,CIÊNCIA DA COMPUTAÇÃO,UFPA,UNIVERSIDADE FEDERAL DO PARÁ,,FEDERAL,PA,NORTE,2016,PROFISSIONAL,NÃO,3,MESTRADO PROFISSIONAL,2016,,NÃO,,,,,,11,2,0,13,84.6,1,1,14,0,0,12,14,0,27,29,3,33,3,0,0,0,0,,,,http://ppca.propesp.ufpa.br,141292,76575,AVALIAÇÃO
12,2019,15001016092P4,COMPUTAÇÃO APLICADA,CIÊNCIA DA COMPUTAÇÃO,UFPA,UNIVERSIDADE FEDERAL DO PARÁ,,FEDERAL,PA,NORTE,2016,PROFISSIONAL,NÃO,3,MESTRADO PROFISSIONAL,2016,,NÃO,,,,,,12,1,0,13,92.3,1,1,16,0,0,14,16,0,27,29,0,29,12,0,0,0,0,,,,http://ppca.propesp.ufpa.br,158718,93696,AVALIAÇÃO
13,2020,15001016092P4,COMPUTAÇÃO APLICADA,CIÊNCIA DA COMPUTAÇÃO,UFPA,UNIVERSIDADE FEDERAL DO PARÁ,,FEDERAL,PA,NORTE,2016,PROFISSIONAL,NÃO,3,MESTRADO PROFISSIONAL,2016,,NÃO,,,,,,12,3,0,15,80.0,1,1,14,0,0,13,14,0,17,29,0,29,7,0,0,0,0,,,,http://ppca.propesp.ufpa.br,202084,133766,AVALIAÇÃO
14,2017,20001010022P0,CIÊNCIA DA COMPUTAÇÃO,CIÊNCIA DA COMPUTAÇÃO,UFMA,UNIVERSIDADE FEDERAL DO MARANHÃO,,FEDERAL,MA,NORDESTE,2011,ACADÊMICO,NÃO,3,MESTRADO,2011,,NÃO,,,,,,12,3,0,15,80.0,1,2,20,0,0,19,20,18,6,26,6,32,12,0,5,0,0,,,,http://www.ppgcc.ufma.br,129036,65896,AVALIAÇÃO
15,2018,20001010022P0,CIÊNCIA DA COMPUTAÇÃO,CIÊNCIA DA COMPUTAÇÃO,UFMA,UNIVERSIDADE FEDERAL DO MARANHÃO,,FEDERAL,MA,NORDESTE,2011,ACADÊMICO,NÃO,3,MESTRADO,2011,,NÃO,,,,,,13,4,0,17,76.5,1,2,20,0,0,20,20,11,5,21,9,30,17,0,6,0,0,,,,http://www.ppgcc.ufma.br,139463,75174,AVALIAÇÃO
16,2019,20001010022P0,CIÊNCIA DA COMPUTAÇÃO,CIÊNCIA DA COMPUTAÇÃO,UFMA,UNIVERSIDADE FEDERAL DO MARANHÃO,,FEDERAL,MA,NORDESTE,2011,ACADÊMICO,NÃO,3,MESTRADO,2011,,NÃO,,,,,,13,4,0,17,76.5,1,2,24,0,0,24,24,15,4,22,0,22,15,0,3,0,0,,,,http://www.ppgcc.ufma.br,155146,90008,AVALIAÇÃO
17,2020,20001010022P0,CIÊNCIA DA COMPUTAÇÃO,CIÊNCIA DA COMPUTAÇÃO,UFMA,UNIVERSIDADE FEDERAL DO MARANHÃO,,FEDERAL,MA,NORDESTE,2011,ACADÊMICO,NÃO,3,MESTRADO,2011,,NÃO,,,,,,15,2,0,17,88.2,1,2,25,0,0,23,25,18,2,24,8,33,15,0,5,0,0,,,,http://www.ppgcc.ufma.br,202779,134383,AVALIAÇÃO
18,2019,20001010049P6,CIÊNCIA DA COMPUTAÇÃO,CIÊNCIA DA COMPUTAÇÃO,UFMA,UNIVERSIDADE FEDERAL DO MARANHÃO,FUFPI,FEDERAL,MA,NORDESTE,2019,ACADÊMICO,NÃO,A,DOUTORADO,2019,,NÃO,,,,,,15,2,0,17,88.2,1,2,0,45,0,36,45,27,2,31,1,32,0,0,0,0,0,,,,http://www.dccmapi.ufma.br/ |  http://dccmapi.ufpi.br,172668,106343,AVALIAÇÃO
19,2020,20001010049P6,CIÊNCIA DA COMPUTAÇÃO,CIÊNCIA DA COMPUTAÇÃO,UFMA,UNIVERSIDADE FEDERAL DO MARANHÃO,FUFPI,FEDERAL,MA,NORDESTE,2019,ACADÊMICO,NÃO,A,DOUTORADO,2019,,NÃO,,,,,,22,0,0,22,100.0,1,2,0,33,0,33,33,42,5,54,4,58,0,0,0,0,0,,,,http://www.dccmapi.ufma.br/ |  http://dccmapi.ufpi.br,197465,129861,AVALIAÇÃO
20,2017,20002017004P9,ENGENHARIA DE COMPUTAÇÃO E SISTEMAS,CIÊNCIA DA COMPUTAÇÃO,UEMA,UNIVERSIDADE ESTADUAL DO MARANHÃO,,ESTADUAL,MA,NORDESTE,2011,PROFISSIONAL,NÃO,3,MESTRADO PROFISSIONAL,2011,,NÃO,,,,,,12,9,0,21,57.1,3,9,32,0,0,21,32,8,17,26,13,39,20,0,0,0,0,,,,http://www.pecs.uema.br,164327,98203,AVALIAÇÃO
21,2018,20002017004P9,ENGENHARIA DE COMPUTAÇÃO E SISTEMAS,CIÊNCIA DA COMPUTAÇÃO,UEMA,UNIVERSIDADE ESTADUAL DO MARANHÃO,,ESTADUAL,MA,NORDESTE,2011,PROFISSIONAL,NÃO,3,MESTRADO PROFISSIONAL,2011,,NÃO,,,,,,14,6,0,20,70.0,1,2,20,0,0,15,20,10,9,11,20,33,8,0,2,0,0,,,,http://www.pecs.uema.br,167071,101037,AVALIAÇÃO
22,2019,20002017004P9,ENGENHARIA DE COMPUTAÇÃO E SISTEMAS,CIÊNCIA DA COMPUTAÇÃO,UEMA,UNIVERSIDADE ESTADUAL DO MARANHÃO,,ESTADUAL,MA,NORDESTE,2011,PROFISSIONAL,NÃO,3,MESTRADO PROFISSIONAL,2011,,NÃO,,,,,,13,3,0,16,81.3,2,3,21,0,0,17,21,13,8,16,5,22,34,0,14,0,0,,,,http://www.pecs.uema.br,168019,101954,AVALIAÇÃO
23,2020,20002017004P9,ENGENHARIA DE COMPUTAÇÃO E SISTEMAS,CIÊNCIA DA COMPUTAÇÃO,UEMA,UNIVERSIDADE ESTADUAL DO MARANHÃO,,ESTADUAL,MA,NORDESTE,2011,PROFISSIONAL,NÃO,3,MESTRADO PROFISSIONAL,2011,,NÃO,,,,,,12,3,0,15,80.0,1,4,12,0,0,12,12,5,3,9,8,17,10,0,2,0,0,,,,http://www.pecs.uema.br,203049,134608,AVALIAÇÃO
24,2017,21001014031P2,CIÊNCIA DA COMPUTAÇÃO,CIÊNCIA DA COMPUTAÇÃO,FUFPI,FUNDAÇÃO UNIVERSIDADE FEDERAL DO PIAUÍ,,FEDERAL,PI,NORDESTE,2012,ACADÊMICO,NÃO,3,MESTRADO,2012,,NÃO,,,,,,13,1,0,14,92.9,1,2,27,0,0,27,27,9,2,16,1,17,13,0,1,0,0,,,,http://www.ppgcc.ufpi.br/,130404,67200,AVALIAÇÃO
25,2018,21001014031P2,CIÊNCIA DA COMPUTAÇÃO,CIÊNCIA DA COMPUTAÇÃO,FUFPI,FUNDAÇÃO UNIVERSIDADE FEDERAL DO PIAUÍ,,FEDERAL,PI,NORDESTE,2012,ACADÊMICO,NÃO,3,MESTRADO,2012,,NÃO,,,,,,14,1,0,15,93.3,1,2,19,0,0,19,19,9,3,17,1,18,19,0,4,0,0,,,,http://www.ppgcc.ufpi.br/,136236,72261,AVALIAÇÃO
26,2019,21001014031P2,CIÊNCIA DA COMPUTAÇÃO,CIÊNCIA DA COMPUTAÇÃO,FUFPI,FUNDAÇÃO UNIVERSIDADE FEDERAL DO PIAUÍ,,FEDERAL,PI,NORDESTE,2012,ACADÊMICO,NÃO,3,MESTRADO,2012,,NÃO,,,,,,14,1,0,15,93.3,1,2,21,0,0,21,21,9,3,17,4,21,15,0,5,0,0,,,,http://www.ppgcc.ufpi.br/,156726,92109,AVALIAÇÃO
27,2020,21001014031P2,CIÊNCIA DA COMPUTAÇÃO,CIÊNCIA DA COMPUTAÇÃO,FUFPI,FUNDAÇÃO UNIVERSIDADE FEDERAL DO PIAUÍ,,FEDERAL,PI,NORDESTE,2012,ACADÊMICO,NÃO,3,MESTRADO,2012,,NÃO,,,,,,17,0,0,17,100.0,1,2,25,0,0,25,25,14,5,27,6,33,16,0,9,0,0,,,,http://www.ppgcc.ufpi.br/,205043,136296,AVALIAÇÃO
28,2017,22001018031P5,CIÊNCIAS DA COMPUTAÇÃO,CIÊNCIA DA COMPUTAÇÃO,UFC,UNIVERSIDADE FEDERAL DO CEARÁ,,FEDERAL,CE,NORDESTE,1995,ACADÊMICO,NÃO,5,MESTRADO/DOUTORADO,1995/2005,SIM,NÃO,,,,,,27,2,1,30,90.0,1,3,0,0,53,52,53,27,12,38,30,68,25,9,16,3,0,,,,http://www.mdcc.ufc.br,170359,104163,AVALIAÇÃO
29,2018,22001018031P5,CIÊNCIAS DA COMPUTAÇÃO,CIÊNCIA DA COMPUTAÇÃO,UFC,UNIVERSIDADE FEDERAL DO CEARÁ,,FEDERAL,CE,NORDESTE,1995,ACADÊMICO,NÃO,5,MESTRADO/DOUTORADO,1995/2005,SIM,NÃO,,,,,,26,3,1,30,86.7,1,3,1,0,46,47,47,31,18,46,18,64,24,10,10,2,0,,,,http://www.mdcc.ufc.br,170391,104175,AVALIAÇÃO
30,2019,22001018031P5,CIÊNCIAS DA COMPUTAÇÃO,CIÊNCIA DA COMPUTAÇÃO,UFC,UNIVERSIDADE FEDERAL DO CEARÁ,,FEDERAL,CE,NORDESTE,1995,ACADÊMICO,NÃO,5,MESTRADO/DOUTORADO,1995/2005,SIM,NÃO,,,,,,27,4,0,31,87.1,1,3,0,0,47,47,47,34,21,47,21,68,29,14,18,1,0,,,,http://www.mdcc.ufc.br,170514,104277,AVALIAÇÃO
31,2020,22001018031P5,CIÊNCIAS DA COMPUTAÇÃO,CIÊNCIA DA COMPUTAÇÃO,UFC,UNIVERSIDADE FEDERAL DO CEARÁ,,FEDERAL,CE,NORDESTE,1995,ACADÊMICO,NÃO,5,MESTRADO/DOUTORADO,1995/2005,SIM,NÃO,,,,,,29,4,1,34,85.3,1,3,0,0,54,53,54,43,27,65,21,86,15,3,10,0,0,,,,http://www.mdcc.ufc.br,197935,130367,AVALIAÇÃO
32,2019,22001018173P4,COMPUTAÇÃO,CIÊNCIA DA COMPUTAÇÃO,UFC,UNIVERSIDADE FEDERAL DO CEARÁ,,FEDERAL,CE,NORDESTE,2019,ACADÊMICO,NÃO,A,MESTRADO,2019,,NÃO,,,,,,17,0,0,17,100.0,1,3,12,0,0,12,12,9,10,29,6,35,0,0,0,0,0,,,,http://pcomp.quixada.ufc.br,157108,92415,AVALIAÇÃO
33,2020,22001018173P4,COMPUTAÇÃO,CIÊNCIA DA COMPUTAÇÃO,UFC,UNIVERSIDADE FEDERAL DO CEARÁ,,FEDERAL,CE,NORDESTE,2019,ACADÊMICO,NÃO,A,MESTRADO,2019,,NÃO,,,,,,18,0,0,18,100.0,1,3,13,0,0,13,13,10,13,35,2,37,2,0,1,0,0,,,,http://pcomp.quixada.ufc.br,199252,131488,AVALIAÇÃO
34,2017,22002014002P1,INFORMÁTICA APLICADA,CIÊNCIA DA COMPUTAÇÃO,UNIFOR,UNIVERSIDADE DE FORTALEZA,,PARTICULAR,CE,NORDESTE,1999,ACADÊMICO,NÃO,4,MESTRADO/DOUTORADO,1999/2011,SIM,NÃO,,,,,,16,1,0,17,94.1,2,6,0,0,28,28,28,55,44,57,8,65,15,7,2,4,0,,,,http://www.unifor.br/mia,170155,103934,AVALIAÇÃO
35,2018,22002014002P1,INFORMÁTICA APLICADA,CIÊNCIA DA COMPUTAÇÃO,UNIFOR,UNIVERSIDADE DE FORTALEZA,,PARTICULAR,CE,NORDESTE,1999,ACADÊMICO,NÃO,4,MESTRADO/DOUTORADO,1999/2011,SIM,NÃO,,,,,,16,0,0,16,100.0,2,6,0,0,29,29,29,59,43,62,12,74,25,10,5,0,0,,,,http://www.unifor.br/mia,170161,103940,AVALIAÇÃO
36,2019,22002014002P1,INFORMÁTICA APLICADA,CIÊNCIA DA COMPUTAÇÃO,UNIFOR,UNIVERSIDADE DE FORTALEZA,,PARTICULAR,CE,NORDESTE,1999,ACADÊMICO,NÃO,4,MESTRADO/DOUTORADO,1999/2011,SIM,NÃO,,,,,,16,0,0,16,100.0,2,6,0,0,30,30,30,54,36,55,14,69,19,4,4,1,0,,,,http://www.unifor.br/mia,170163,103942,AVALIAÇÃO
37,2020,22002014002P1,INFORMÁTICA APLICADA,CIÊNCIA DA COMPUTAÇÃO,UNIFOR,UNIVERSIDADE DE FORTALEZA,,PARTICULAR,CE,NORDESTE,1999,ACADÊMICO,NÃO,4,MESTRADO/DOUTORADO,1999/2011,SIM,NÃO,,,,,,16,0,0,16,100.0,2,6,0,0,22,22,22,47,30,48,9,57,11,4,0,0,0,,,,http://www.unifor.br/mia,201937,133654,AVALIAÇÃO
38,2017,22003010018P1,CIÊNCIA DA COMPUTAÇÃO,CIÊNCIA DA COMPUTAÇÃO,UECE,UNIVERSIDADE ESTADUAL DO CEARÁ,,ESTADUAL,CE,NORDESTE,2007,ACADÊMICO,NÃO,4,MESTRADO,2007,,NÃO,,,,,,12,0,2,14,85.7,1,2,15,0,0,14,15,12,16,33,5,38,16,0,6,0,0,,,,http://www.uece.br/macc/,176734,109465,AVALIAÇÃO
39,2018,22003010018P1,CIÊNCIA DA COMPUTAÇÃO,CIÊNCIA DA COMPUTAÇÃO,UECE,UNIVERSIDADE ESTADUAL DO CEARÁ,,ESTADUAL,CE,NORDESTE,2007,ACADÊMICO,NÃO,4,MESTRADO,2007,,NÃO,,,,,,12,0,1,13,92.3,1,2,20,0,0,19,20,14,22,37,5,43,16,0,5,0,0,,,,http://www.uece.br/macc/,176587,109327,AVALIAÇÃO
40,2019,22003010018P1,CIÊNCIA DA COMPUTAÇÃO,CIÊNCIA DA COMPUTAÇÃO,UECE,UNIVERSIDADE ESTADUAL DO CEARÁ,,ESTADUAL,CE,NORDESTE,2007,ACADÊMICO,NÃO,4,MESTRADO,2007,,NÃO,,,,,,12,1,0,13,92.3,1,2,22,0,0,20,22,15,17,39,5,45,8,0,4,0,0,,,,http://www.uece.br/macc/,176173,109102,AVALIAÇÃO
41,2020,22003010018P1,CIÊNCIA DA COMPUTAÇÃO,CIÊNCIA DA COMPUTAÇÃO,UECE,UNIVERSIDADE ESTADUAL DO CEARÁ,,ESTADUAL,CE,NORDESTE,2007,ACADÊMICO,NÃO,4,MESTRADO,2007,,NÃO,,,,,,12,1,0,13,92.3,1,2,21,0,0,20,21,15,14,39,0,39,13,0,3,0,0,,,,http://www.uece.br/macc/,205188,136438,AVALIAÇÃO
42,2017,22008012004P2,CIÊNCIA DA COMPUTAÇÃO,CIÊNCIA DA COMPUTAÇÃO,IFCE,"INSTITUTO FEDERAL DE EDUCAÇÃO, CIÊNCIA E TECNOLOGIA DO CEARÁ",,FEDERAL,CE,NORDESTE,2014,ACADÊMICO,NÃO,3,MESTRADO,2014,,NÃO,,,,,,17,4,0,21,81.0,1,5,20,0,0,17,20,1,1,15,2,17,18,0,0,0,0,,,,http://ppgcc.ifce.edu.br,130951,67735,AVALIAÇÃO
43,2018,22008012004P2,CIÊNCIA DA COMPUTAÇÃO,CIÊNCIA DA COMPUTAÇÃO,IFCE,"INSTITUTO FEDERAL DE EDUCAÇÃO, CIÊNCIA E TECNOLOGIA DO CEARÁ",,FEDERAL,CE,NORDESTE,2014,ACADÊMICO,NÃO,3,MESTRADO,2014,,NÃO,,,,,,15,3,0,18,83.3,1,5,24,0,0,19,24,13,3,14,15,29,8,0,1,0,0,,,,http://ppgcc.ifce.edu.br,138811,74609,AVALIAÇÃO
44,2019,22008012004P2,CIÊNCIA DA COMPUTAÇÃO,CIÊNCIA DA COMPUTAÇÃO,IFCE,"INSTITUTO FEDERAL DE EDUCAÇÃO, CIÊNCIA E TECNOLOGIA DO CEARÁ",,FEDERAL,CE,NORDESTE,2014,ACADÊMICO,NÃO,3,MESTRADO,2014,,NÃO,,,,,,17,1,0,18,94.4,1,5,19,0,0,18,19,12,3,12,9,21,13,0,5,0,0,,,,http://ppgcc.ifce.edu.br,174976,108138,AVALIAÇÃO
45,2020,22008012004P2,CIÊNCIA DA COMPUTAÇÃO,CIÊNCIA DA COMPUTAÇÃO,IFCE,"INSTITUTO FEDERAL DE EDUCAÇÃO, CIÊNCIA E TECNOLOGIA DO CEARÁ",,FEDERAL,CE,NORDESTE,2014,ACADÊMICO,NÃO,3,MESTRADO,2014,,NÃO,,,,,,17,1,0,18,94.4,1,4,23,0,0,23,23,16,11,27,9,36,12,0,1,0,0,,,,http://ppgcc.ifce.edu.br,200538,132627,AVALIAÇÃO
46,2017,23001011022P9,SISTEMAS E COMPUTAÇÃO,CIÊNCIA DA COMPUTAÇÃO,UFRN,UNIVERSIDADE FEDERAL DO RIO GRANDE DO NORTE,,FEDERAL,RN,NORDESTE,1999,ACADÊMICO,NÃO,5,MESTRADO/DOUTORADO,1999/2008,,NÃO,,,,,,26,1,0,27,96.3,1,6,0,0,30,30,30,29,6,53,4,57,22,5,7,1,0,,,,http://www.ppgsc.ufrn.br/,129438,66264,AVALIAÇÃO
47,2018,23001011022P9,SISTEMAS E COMPUTAÇÃO,CIÊNCIA DA COMPUTAÇÃO,UFRN,UNIVERSIDADE FEDERAL DO RIO GRANDE DO NORTE,,FEDERAL,RN,NORDESTE,1999,ACADÊMICO,NÃO,5,MESTRADO/DOUTORADO,1999/2008,,NÃO,,,,,,27,2,0,29,93.1,1,6,0,1,35,36,36,34,5,57,12,69,24,9,11,2,0,,,,http://www.ppgsc.ufrn.br/,135966,72020,AVALIAÇÃO
48,2019,23001011022P9,SISTEMAS E COMPUTAÇÃO,CIÊNCIA DA COMPUTAÇÃO,UFRN,UNIVERSIDADE FEDERAL DO RIO GRANDE DO NORTE,,FEDERAL,RN,NORDESTE,1999,ACADÊMICO,NÃO,5,MESTRADO/DOUTORADO,1999/2008,,NÃO,,,,,,27,1,0,28,96.4,1,6,0,0,37,37,37,17,56,87,5,92,19,11,9,4,1,,,,http://www.ppgsc.ufrn.br/,144699,81347,AVALIAÇÃO
49,2020,23001011022P9,SISTEMAS E COMPUTAÇÃO,CIÊNCIA DA COMPUTAÇÃO,UFRN,UNIVERSIDADE FEDERAL DO RIO GRANDE DO NORTE,,FEDERAL,RN,NORDESTE,1999,ACADÊMICO,NÃO,5,MESTRADO/DOUTORADO,1999/2008,,NÃO,,,,,,28,1,0,29,96.6,1,6,1,8,50,59,59,15,64,88,0,88,15,14,3,1,0,,,,http://www.ppgsc.ufrn.br/,196473,128919,AVALIAÇÃO
50,2017,23001011071P0,TECNOLOGIA DA INFORMAÇÃO,CIÊNCIA DA COMPUTAÇÃO,UFRN,UNIVERSIDADE FEDERAL DO RIO GRANDE DO NORTE,,FEDERAL,RN,NORDESTE,2014,PROFISSIONAL,NÃO,3,MESTRADO PROFISSIONAL,2014,,NÃO,,,,,,12,2,0,14,85.7,1,2,17,0,0,15,17,9,1,11,6,17,8,0,0,0,0,,,,http://www.posgraduacao.ufrn.br/ppgsw,128974,65878,AVALIAÇÃO
51,2018,23001011071P0,TECNOLOGIA DA INFORMAÇÃO,CIÊNCIA DA COMPUTAÇÃO,UFRN,UNIVERSIDADE FEDERAL DO RIO GRANDE DO NORTE,,FEDERAL,RN,NORDESTE,2014,PROFISSIONAL,NÃO,3,MESTRADO PROFISSIONAL,2014,,NÃO,,,,,,12,0,0,12,100.0,1,2,15,0,0,15,15,10,1,12,1,13,12,0,0,0,0,,,,http://www.posgraduacao.ufrn.br/ppgsw,136083,72097,AVALIAÇÃO
52,2019,23001011071P0,TECNOLOGIA DA INFORMAÇÃO,CIÊNCIA DA COMPUTAÇÃO,UFRN,UNIVERSIDADE FEDERAL DO RIO GRANDE DO NORTE,,FEDERAL,RN,NORDESTE,2014,PROFISSIONAL,NÃO,3,MESTRADO PROFISSIONAL,2014,,NÃO,,,,,,12,0,0,12,100.0,2,5,17,0,0,15,17,8,5,12,3,15,6,0,0,0,0,,,,http://www.posgraduacao.ufrn.br/ppgsw,173705,107172,AVALIAÇÃO
53,2020,23001011071P0,TECNOLOGIA DA INFORMAÇÃO,CIÊNCIA DA COMPUTAÇÃO,UFRN,UNIVERSIDADE FEDERAL DO RIO GRANDE DO NORTE,,FEDERAL,RN,NORDESTE,2014,PROFISSIONAL,NÃO,3,MESTRADO PROFISSIONAL,2014,,NÃO,,,,,,16,0,0,16,100.0,1,3,14,0,0,14,14,16,10,30,2,32,8,0,0,0,0,,,,http://www.posgraduacao.ufrn.br/ppgsw,204696,136032,AVALIAÇÃO
54,2017,23002018002P4,CIÊNCIA DA COMPUTAÇÃO - UERN - UFERSA,CIÊNCIA DA COMPUTAÇÃO,UERN,UNIVERSIDADE DO ESTADO DO RIO GRANDE DO NORTE,UFERSA,ESTADUAL,RN,NORDESTE,2008,ACADÊMICO,NÃO,3,MESTRADO,2008,,NÃO,,,,,,17,6,0,23,73.9,1,5,28,0,0,24,28,7,12,30,20,50,14,0,9,0,0,,,,http://ppgcc.uern.br |  http://ppgcc.uern.br,174880,108064,AVALIAÇÃO
55,2018,23002018002P4,CIÊNCIA DA COMPUTAÇÃO - UERN - UFERSA,CIÊNCIA DA COMPUTAÇÃO,UERN,UNIVERSIDADE DO ESTADO DO RIO GRANDE DO NORTE,UFERSA,ESTADUAL,RN,NORDESTE,2008,ACADÊMICO,NÃO,3,MESTRADO,2008,,NÃO,,,,,,15,4,0,19,78.9,1,4,14,0,0,14,14,5,13,28,17,46,20,0,12,0,0,,,,http://ppgcc.uern.br |  http://ppgcc.uern.br,175134,108273,AVALIAÇÃO
56,2019,23002018002P4,CIÊNCIA DA COMPUTAÇÃO - UERN - UFERSA,CIÊNCIA DA COMPUTAÇÃO,UERN,UNIVERSIDADE DO ESTADO DO RIO GRANDE DO NORTE,UFERSA,ESTADUAL,RN,NORDESTE,2008,ACADÊMICO,NÃO,3,MESTRADO,2008,,NÃO,,,,,,13,9,0,22,59.1,1,4,15,0,0,13,15,9,15,32,10,42,13,0,6,0,0,,,,http://ppgcc.uern.br |  http://ppgcc.uern.br,175193,108329,AVALIAÇÃO
57,2020,23002018002P4,CIÊNCIA DA COMPUTAÇÃO - UERN - UFERSA,CIÊNCIA DA COMPUTAÇÃO,UERN,UNIVERSIDADE DO ESTADO DO RIO GRANDE DO NORTE,UFERSA,ESTADUAL,RN,NORDESTE,2008,ACADÊMICO,NÃO,3,MESTRADO,2008,,NÃO,,,,,,13,6,0,19,68.4,1,4,17,0,0,17,17,13,17,41,4,45,12,0,10,0,0,,,,http://ppgcc.uern.br |  http://ppgcc.uern.br,203368,134892,AVALIAÇÃO
58,2017,24001015047P4,INFORMÁTICA,SISTEMA DE COMPUTAÇÃO,UFPB-JP,UNIVERSIDADE FEDERAL DA PARAÍBA ( JOÃO PESSOA ),,FEDERAL,PB,NORDESTE,2006,ACADÊMICO,NÃO,4,MESTRADO,2006,,NÃO,,,,,,15,4,0,19,78.9,1,2,16,0,0,16,16,15,1,16,5,21,25,0,17,0,0,,,,http://www.ppgi.di.ufpb.br,175359,108491,AVALIAÇÃO
59,2018,24001015047P4,INFORMÁTICA,SISTEMA DE COMPUTAÇÃO,UFPB-JP,UNIVERSIDADE FEDERAL DA PARAÍBA ( JOÃO PESSOA ),,FEDERAL,PB,NORDESTE,2006,ACADÊMICO,NÃO,4,MESTRADO,2006,,NÃO,,,,,,15,4,0,19,78.9,1,2,13,0,0,12,13,23,3,24,0,24,19,0,13,0,0,,,,http://www.ppgi.di.ufpb.br,176009,109003,AVALIAÇÃO
60,2019,24001015047P4,INFORMÁTICA,SISTEMA DE COMPUTAÇÃO,UFPB-JP,UNIVERSIDADE FEDERAL DA PARAÍBA ( JOÃO PESSOA ),,FEDERAL,PB,NORDESTE,2006,ACADÊMICO,NÃO,4,MESTRADO,2006,,NÃO,,,,,,16,4,0,20,80.0,1,2,22,0,0,19,22,25,6,26,3,29,20,0,8,0,0,,,,http://www.ppgi.di.ufpb.br,175966,108959,AVALIAÇÃO
61,2020,24001015047P4,INFORMÁTICA,SISTEMA DE COMPUTAÇÃO,UFPB-JP,UNIVERSIDADE FEDERAL DA PARAÍBA ( JOÃO PESSOA ),,FEDERAL,PB,NORDESTE,2006,ACADÊMICO,NÃO,4,MESTRADO,2006,,NÃO,,,,,,16,4,0,20,80.0,1,2,15,0,0,11,15,26,7,27,0,27,16,0,0,0,0,,,,http://www.ppgi.di.ufpb.br,202880,134460,AVALIAÇÃO
62,2019,24007013002P9,TECNOLOGIA DA INFORMAÇÃO,CIÊNCIA DA COMPUTAÇÃO,IFPB,"INSTITUTO FEDERAL DE EDUCAÇÃO, CIÊNCIA E TECNOLOGIA DA PARAÍBA",,FEDERAL,PB,NORDESTE,2019,PROFISSIONAL,NÃO,A,MESTRADO PROFISSIONAL,2019,,NÃO,,,,,,14,3,0,17,82.4,1,2,13,0,0,13,13,7,9,24,4,28,0,0,0,0,0,,,,https://estudante.ifpb.edu.br/cursos/195/,159952,94777,AVALIAÇÃO
63,2020,24007013002P9,TECNOLOGIA DA INFORMAÇÃO,CIÊNCIA DA COMPUTAÇÃO,IFPB,"INSTITUTO FEDERAL DE EDUCAÇÃO, CIÊNCIA E TECNOLOGIA DA PARAÍBA",,FEDERAL,PB,NORDESTE,2019,PROFISSIONAL,NÃO,A,MESTRADO PROFISSIONAL,2019,,NÃO,,,,,,15,2,0,17,88.2,1,2,16,0,0,16,16,13,30,43,9,52,0,0,0,0,0,,,,https://estudante.ifpb.edu.br/cursos/195/,204770,136086,AVALIAÇÃO
64,2017,24009016005P0,CIÊNCIA DA COMPUTAÇÃO,CIÊNCIA DA COMPUTAÇÃO,UFCG,UNIVERSIDADE FEDERAL DE CAMPINA GRANDE,,FEDERAL,PB,NORDESTE,1973,ACADÊMICO,NÃO,4,MESTRADO/DOUTORADO,1973/2005,,NÃO,,,,,,34,10,0,44,77.3,1,2,0,0,11,7,11,29,21,29,25,54,17,16,8,3,1,,,,http://copin.ufcg.edu.br,177520,110055,AVALIAÇÃO
65,2018,24009016005P0,CIÊNCIA DA COMPUTAÇÃO,CIÊNCIA DA COMPUTAÇÃO,UFCG,UNIVERSIDADE FEDERAL DE CAMPINA GRANDE,,FEDERAL,PB,NORDESTE,1973,ACADÊMICO,NÃO,4,MESTRADO/DOUTORADO,1973/2005,,NÃO,,,,,,33,10,0,43,76.7,1,2,0,0,6,6,6,29,24,29,17,46,15,13,8,4,0,,,,http://copin.ufcg.edu.br,177546,110061,AVALIAÇÃO
66,2019,24009016005P0,CIÊNCIA DA COMPUTAÇÃO,CIÊNCIA DA COMPUTAÇÃO,UFCG,UNIVERSIDADE FEDERAL DE CAMPINA GRANDE,,FEDERAL,PB,NORDESTE,1973,ACADÊMICO,NÃO,4,MESTRADO/DOUTORADO,1973/2005,,NÃO,,,,,,35,10,0,45,77.8,1,2,0,0,7,7,7,26,21,27,15,42,21,10,8,2,0,,,,http://copin.ufcg.edu.br,177573,110101,AVALIAÇÃO
67,2020,24009016005P0,CIÊNCIA DA COMPUTAÇÃO,CIÊNCIA DA COMPUTAÇÃO,UFCG,UNIVERSIDADE FEDERAL DE CAMPINA GRANDE,,FEDERAL,PB,NORDESTE,1973,ACADÊMICO,NÃO,4,MESTRADO/DOUTORADO,1973/2005,,NÃO,,,,,,35,10,0,45,77.8,1,2,0,45,9,54,54,57,38,58,2,60,16,13,9,3,1,,,,http://copin.ufcg.edu.br,198209,130572,AVALIAÇÃO
68,2017,25001019004P6,CIÊNCIAS DA COMPUTAÇÃO,CIÊNCIA DA COMPUTAÇÃO,UFPE,UNIVERSIDADE FEDERAL DE PERNAMBUCO,,FEDERAL,PE,NORDESTE,1975,ACADÊMICO,NÃO,7,MESTRADO/DOUTORADO,1975/1992,,NÃO,,,,,,76,8,0,84,90.5,9,19,1,6,68,74,75,80,53,169,22,191,65,59,31,14,0,,,,http://www.cin.ufpe.br/,176829,109569,AVALIAÇÃO
69,2018,25001019004P6,CIÊNCIAS DA COMPUTAÇÃO,CIÊNCIA DA COMPUTAÇÃO,UFPE,UNIVERSIDADE FEDERAL DE PERNAMBUCO,,FEDERAL,PE,NORDESTE,1975,ACADÊMICO,NÃO,7,MESTRADO/DOUTORADO,1975/1992,,NÃO,,,,,,76,8,0,84,90.5,9,19,1,7,66,74,74,77,44,181,21,202,47,40,24,11,0,,,,http://www.cin.ufpe.br/,176868,109594,AVALIAÇÃO
70,2019,25001019004P6,CIÊNCIAS DA COMPUTAÇÃO,CIÊNCIA DA COMPUTAÇÃO,UFPE,UNIVERSIDADE FEDERAL DE PERNAMBUCO,,FEDERAL,PE,NORDESTE,1975,ACADÊMICO,NÃO,7,MESTRADO/DOUTORADO,1975/1992,,NÃO,,,,,,73,15,0,88,83.0,9,19,3,9,57,69,69,85,40,196,11,207,91,48,34,6,1,,,,http://www.cin.ufpe.br/,176878,109604,AVALIAÇÃO
71,2020,25001019004P6,CIÊNCIAS DA COMPUTAÇÃO,CIÊNCIA DA COMPUTAÇÃO,UFPE,UNIVERSIDADE FEDERAL DE PERNAMBUCO,,FEDERAL,PE,NORDESTE,1975,ACADÊMICO,NÃO,7,MESTRADO/DOUTORADO,1975/1992,,NÃO,,,,,,71,17,0,88,80.7,9,19,2,7,55,63,64,88,40,215,21,236,64,35,25,2,0,,,,http://www.cin.ufpe.br/,199103,131320,AVALIAÇÃO
72,2017,25001019062P6,CIÊNCIAS DA COMPUTAÇÃO,CIÊNCIA DA COMPUTAÇÃO,UFPE,UNIVERSIDADE FEDERAL DE PERNAMBUCO,,FEDERAL,PE,NORDESTE,2006,PROFISSIONAL,NÃO,4,MESTRADO PROFISSIONAL,2006,,NÃO,,,,,,33,10,0,43,76.7,2,9,0,0,0,0,0,36,2,63,8,71,89,0,2,0,0,,,,http://www.cin.ufpe.br/~posgraduacao,176051,109043,AVALIAÇÃO
73,2018,25001019062P6,CIÊNCIAS DA COMPUTAÇÃO,CIÊNCIA DA COMPUTAÇÃO,UFPE,UNIVERSIDADE FEDERAL DE PERNAMBUCO,,FEDERAL,PE,NORDESTE,2006,PROFISSIONAL,NÃO,4,MESTRADO PROFISSIONAL,2006,,NÃO,,,,,,35,9,0,44,79.5,4,12,6,0,0,5,6,38,0,72,18,90,6,0,0,0,0,,,,http://www.cin.ufpe.br/~posgraduacao,173760,107219,AVALIAÇÃO
74,2019,25001019062P6,CIÊNCIAS DA COMPUTAÇÃO,CIÊNCIA DA COMPUTAÇÃO,UFPE,UNIVERSIDADE FEDERAL DE PERNAMBUCO,,FEDERAL,PE,NORDESTE,2006,PROFISSIONAL,NÃO,4,MESTRADO PROFISSIONAL,2006,,NÃO,,,,,,34,7,0,41,82.9,3,10,7,0,0,6,7,45,0,75,11,86,1,0,0,0,0,,,,http://www.cin.ufpe.br/~posgraduacao,173770,107195,AVALIAÇÃO
75,2020,25001019062P6,CIÊNCIAS DA COMPUTAÇÃO,CIÊNCIA DA COMPUTAÇÃO,UFPE,UNIVERSIDADE FEDERAL DE PERNAMBUCO,,FEDERAL,PE,NORDESTE,2006,PROFISSIONAL,NÃO,4,MESTRADO PROFISSIONAL,2006,,NÃO,,,,,,33,7,0,40,82.5,2,8,1,0,0,1,1,51,0,66,18,84,14,0,0,0,0,,,,http://www.cin.ufpe.br/~posgraduacao,203725,135212,AVALIAÇÃO
76,2017,25003011032P2,INFORMÁTICA APLICADA,CIÊNCIA DA COMPUTAÇÃO,UFRPE,UNIVERSIDADE FEDERAL RURAL DE PERNAMBUCO,,FEDERAL,PE,NORDESTE,2011,ACADÊMICO,NÃO,3,MESTRADO,2011,,NÃO,,,,,,16,4,0,20,80.0,2,5,26,0,0,23,26,14,16,19,5,26,12,0,8,0,0,,,,http://www.ppgia.ufrpe.br/,165800,99847,AVALIAÇÃO
77,2018,25003011032P2,INFORMÁTICA APLICADA,CIÊNCIA DA COMPUTAÇÃO,UFRPE,UNIVERSIDADE FEDERAL RURAL DE PERNAMBUCO,,FEDERAL,PE,NORDESTE,2011,ACADÊMICO,NÃO,3,MESTRADO,2011,,NÃO,,,,,,18,5,0,23,78.3,2,5,37,0,0,33,37,17,21,22,5,27,16,0,4,0,0,,,,http://www.ppgia.ufrpe.br/,166024,100066,AVALIAÇÃO
78,2019,25003011032P2,INFORMÁTICA APLICADA,CIÊNCIA DA COMPUTAÇÃO,UFRPE,UNIVERSIDADE FEDERAL RURAL DE PERNAMBUCO,,FEDERAL,PE,NORDESTE,2011,ACADÊMICO,NÃO,3,MESTRADO,2011,,NÃO,,,,,,21,4,0,25,84.0,2,4,36,0,0,34,36,19,27,27,5,32,16,0,5,0,0,,,,http://www.ppgia.ufrpe.br/,166268,100287,AVALIAÇÃO
79,2020,25003011032P2,INFORMÁTICA APLICADA,CIÊNCIA DA COMPUTAÇÃO,UFRPE,UNIVERSIDADE FEDERAL RURAL DE PERNAMBUCO,,FEDERAL,PE,NORDESTE,2011,ACADÊMICO,NÃO,3,MESTRADO,2011,,NÃO,,,,,,23,4,0,27,85.2,2,4,41,0,0,36,41,20,27,31,4,35,15,0,4,0,0,,,,http://www.ppgia.ufrpe.br/,198902,131157,AVALIAÇÃO
80,2017,25004018011P1,ENGENHARIA DA COMPUTAÇÃO,CIÊNCIA DA COMPUTAÇÃO,UPE,UNIVERSIDADE DE PERNAMBUCO,,ESTADUAL,PE,NORDESTE,2006,ACADÊMICO,NÃO,4,MESTRADO/DOUTORADO,2006/2018,,NÃO,,,,,,14,6,0,20,70.0,3,3,15,0,0,15,15,26,31,74,27,104,24,0,15,0,0,,,,http://ppgec.upe.br,170537,104317,AVALIAÇÃO
81,2018,25004018011P1,ENGENHARIA DA COMPUTAÇÃO,CIÊNCIA DA COMPUTAÇÃO,UPE,UNIVERSIDADE DE PERNAMBUCO,,ESTADUAL,PE,NORDESTE,2006,ACADÊMICO,NÃO,4,MESTRADO/DOUTORADO,2006/2018,,NÃO,,,,,,14,3,0,17,82.4,3,4,15,0,0,15,15,32,39,80,17,97,20,0,10,0,0,,,,http://ppgec.upe.br,168499,102462,AVALIAÇÃO
82,2019,25004018011P1,ENGENHARIA DA COMPUTAÇÃO,CIÊNCIA DA COMPUTAÇÃO,UPE,UNIVERSIDADE DE PERNAMBUCO,,ESTADUAL,PE,NORDESTE,2006,ACADÊMICO,NÃO,4,MESTRADO/DOUTORADO,2006/2018,,NÃO,,,,,,14,5,0,19,73.7,3,4,19,22,0,37,41,29,62,88,22,110,17,0,7,0,0,,,,http://ppgec.upe.br,163429,97389,AVALIAÇÃO
83,2020,25004018011P1,ENGENHARIA DA COMPUTAÇÃO,CIÊNCIA DA COMPUTAÇÃO,UPE,UNIVERSIDADE DE PERNAMBUCO,,ESTADUAL,PE,NORDESTE,2006,ACADÊMICO,NÃO,4,MESTRADO/DOUTORADO,2006/2018,,NÃO,,,,,,15,5,0,20,75.0,1,4,22,21,0,40,43,31,73,101,10,111,19,0,8,0,0,,,,http://ppgec.upe.br,202905,134485,AVALIAÇÃO
84,2017,25019015001P0,ENGENHARIA DE SOFTWARE,ENGENHARIA DE SOFTWARE,CESAR,CENTRO DE ESTUDOS E SISTEMAS AVANÇADOS DO RECIFE (PE),,PARTICULAR,PE,NORDESTE,2007,PROFISSIONAL,NÃO,4,MESTRADO PROFISSIONAL/DOUTORADO PROFISSIONAL,2007,,NÃO,,,,,,15,13,6,34,44.1,1,4,16,0,0,11,16,0,4,8,0,8,30,0,0,0,0,,,,http://www.cesar.org.br,172033,105729,AVALIAÇÃO
85,2018,25019015001P0,ENGENHARIA DE SOFTWARE,ENGENHARIA DE SOFTWARE,CESAR,CENTRO DE ESTUDOS E SISTEMAS AVANÇADOS DO RECIFE (PE),,PARTICULAR,PE,NORDESTE,2007,PROFISSIONAL,NÃO,4,MESTRADO PROFISSIONAL/DOUTORADO PROFISSIONAL,2007,,NÃO,,,,,,18,9,5,32,56.3,1,5,16,0,0,13,16,0,6,9,1,10,21,0,0,0,0,,,,http://www.cesar.org.br,176172,109081,AVALIAÇÃO
86,2019,25019015001P0,ENGENHARIA DE SOFTWARE,ENGENHARIA DE SOFTWARE,CESAR,CENTRO DE ESTUDOS E SISTEMAS AVANÇADOS DO RECIFE (PE),,PARTICULAR,PE,NORDESTE,2007,PROFISSIONAL,NÃO,4,MESTRADO PROFISSIONAL/DOUTORADO PROFISSIONAL,2007,,NÃO,,,,,,16,9,4,29,55.2,1,4,24,0,0,22,24,0,6,9,0,9,28,0,1,0,0,,,,http://www.cesar.org.br,176994,109719,AVALIAÇÃO
87,2020,25019015001P0,ENGENHARIA DE SOFTWARE,ENGENHARIA DE SOFTWARE,CESAR,CENTRO DE ESTUDOS E SISTEMAS AVANÇADOS DO RECIFE (PE),,PARTICULAR,PE,NORDESTE,2007,PROFISSIONAL,NÃO,4,MESTRADO PROFISSIONAL/DOUTORADO PROFISSIONAL,2007,,NÃO,,,,,,19,10,2,31,61.3,1,5,16,3,0,19,19,4,9,24,5,32,37,0,0,0,0,,,,http://www.cesar.org.br,205545,137144,AVALIAÇÃO
88,2017,26001012035P1,INFORMÁTICA,CIÊNCIA DA COMPUTAÇÃO,UFAL,UNIVERSIDADE FEDERAL DE ALAGOAS,,FEDERAL,AL,NORDESTE,2012,ACADÊMICO,NÃO,3,MESTRADO,2012,,NÃO,,,,,,13,4,0,17,76.5,1,2,14,0,0,11,14,19,3,24,10,35,15,0,9,0,0,,,,http://www.ppgi.ic.ufal.br/,175044,108189,AVALIAÇÃO
89,2018,26001012035P1,INFORMÁTICA,CIÊNCIA DA COMPUTAÇÃO,UFAL,UNIVERSIDADE FEDERAL DE ALAGOAS,,FEDERAL,AL,NORDESTE,2012,ACADÊMICO,NÃO,3,MESTRADO,2012,,NÃO,,,,,,15,6,0,21,71.4,1,2,18,0,0,16,18,16,2,22,7,29,2,0,1,0,0,,,,http://www.ppgi.ic.ufal.br/,175096,108240,AVALIAÇÃO
90,2019,26001012035P1,INFORMÁTICA,CIÊNCIA DA COMPUTAÇÃO,UFAL,UNIVERSIDADE FEDERAL DE ALAGOAS,,FEDERAL,AL,NORDESTE,2012,ACADÊMICO,NÃO,3,MESTRADO,2012,,NÃO,,,,,,22,5,0,27,81.5,1,2,20,0,0,20,20,19,4,24,8,32,14,0,6,0,0,,,,http://www.ppgi.ic.ufal.br/,175442,108553,AVALIAÇÃO
91,2020,26001012035P1,INFORMÁTICA,CIÊNCIA DA COMPUTAÇÃO,UFAL,UNIVERSIDADE FEDERAL DE ALAGOAS,,FEDERAL,AL,NORDESTE,2012,ACADÊMICO,NÃO,3,MESTRADO,2012,,NÃO,,,,,,23,5,0,28,82.1,1,2,31,0,0,28,31,18,5,24,0,25,15,0,5,0,0,,,,http://www.ppgi.ic.ufal.br/,204737,136054,AVALIAÇÃO
92,2017,27001016029P4,CIÊNCIA DA COMPUTAÇÃO,CIÊNCIA DA COMPUTAÇÃO,FUFSE,FUNDAÇÃO UNIVERSIDADE FEDERAL DE SERGIPE,,FEDERAL,SE,NORDESTE,2010,ACADÊMICO,NÃO,3,MESTRADO,2010,,NÃO,,,,,,14,7,0,21,66.7,1,3,15,0,0,13,15,17,16,39,13,53,29,0,6,0,0,,,,http://www.posgraduacao.ufs.br/procc,168621,102509,AVALIAÇÃO
93,2018,27001016029P4,CIÊNCIA DA COMPUTAÇÃO,CIÊNCIA DA COMPUTAÇÃO,FUFSE,FUNDAÇÃO UNIVERSIDADE FEDERAL DE SERGIPE,,FEDERAL,SE,NORDESTE,2010,ACADÊMICO,NÃO,3,MESTRADO,2010,,NÃO,,,,,,16,5,0,21,76.2,1,3,12,0,0,10,12,19,17,47,11,58,24,0,6,0,0,,,,http://www.posgraduacao.ufs.br/procc,168833,102710,AVALIAÇÃO
94,2019,27001016029P4,CIÊNCIA DA COMPUTAÇÃO,CIÊNCIA DA COMPUTAÇÃO,FUFSE,FUNDAÇÃO UNIVERSIDADE FEDERAL DE SERGIPE,,FEDERAL,SE,NORDESTE,2010,ACADÊMICO,NÃO,3,MESTRADO,2010,,NÃO,,,,,,15,5,0,20,75.0,1,3,13,0,0,11,13,20,19,57,5,62,19,0,5,0,0,,,,http://www.posgraduacao.ufs.br/procc,168840,102717,AVALIAÇÃO
95,2020,27001016029P4,CIÊNCIA DA COMPUTAÇÃO,CIÊNCIA DA COMPUTAÇÃO,FUFSE,FUNDAÇÃO UNIVERSIDADE FEDERAL DE SERGIPE,,FEDERAL,SE,NORDESTE,2010,ACADÊMICO,NÃO,3,MESTRADO,2010,,NÃO,,,,,,15,2,0,17,88.2,1,3,14,0,0,14,14,23,13,64,3,67,17,0,3,0,0,,,,http://www.posgraduacao.ufs.br/procc,200647,132656,AVALIAÇÃO
96,2017,28001010061P1,CIÊNCIA DA COMPUTAÇÃO,CIÊNCIA DA COMPUTAÇÃO,UFBA,UNIVERSIDADE FEDERAL DA BAHIA,UNIFACS;UEFS,FEDERAL,BA,NORDESTE,2007,ACADÊMICO,NÃO,4,DOUTORADO,2007,,NÃO,,,,,,10,1,0,11,90.9,1,2,0,1,0,1,1,7,5,10,19,29,0,2,0,0,0,,,,http://pmcc.dcc.ufba.br |  http://pmcc.dcc.ufba.br |  http://pmcc.dcc.ufba.br,171813,105491,AVALIAÇÃO
97,2018,28001010061P1,CIÊNCIA DA COMPUTAÇÃO,CIÊNCIA DA COMPUTAÇÃO,UFBA,UNIVERSIDADE FEDERAL DA BAHIA,UNIFACS;UEFS,FEDERAL,BA,NORDESTE,2007,ACADÊMICO,NÃO,4,DOUTORADO,2007,,NÃO,,,,,,6,1,0,7,85.7,1,2,0,1,0,1,1,8,5,12,0,12,0,3,0,0,0,,,,http://pmcc.dcc.ufba.br |  http://pmcc.dcc.ufba.br |  http://pmcc.dcc.ufba.br,171793,105505,AVALIAÇÃO
98,2019,28001010061P1,CIÊNCIA DA COMPUTAÇÃO,CIÊNCIA DA COMPUTAÇÃO,UFBA,UNIVERSIDADE FEDERAL DA BAHIA,UNIFACS;UEFS,FEDERAL,BA,NORDESTE,2007,ACADÊMICO,NÃO,4,DOUTORADO,2007,,NÃO,,,,,,6,0,0,6,100.0,1,2,0,1,0,1,1,9,2,15,0,15,0,3,0,0,0,,,,http://pmcc.dcc.ufba.br |  http://pmcc.dcc.ufba.br |  http://pmcc.dcc.ufba.br,171823,105499,AVALIAÇÃO
99,2020,28001010061P1,CIÊNCIA DA COMPUTAÇÃO,CIÊNCIA DA COMPUTAÇÃO,UFBA,UNIVERSIDADE FEDERAL DA BAHIA,UNIFACS;UEFS,FEDERAL,BA,NORDESTE,2007,ACADÊMICO,NÃO,4,DOUTORADO,2007,,NÃO,,,,,,7,0,0,7,100.0,1,2,0,1,0,1,1,6,0,13,0,13,0,0,0,0,0,,,,http://pmcc.dcc.ufba.br |  http://pmcc.dcc.ufba.br |  http://pmcc.dcc.ufba.br,199642,131793,AVALIAÇÃO
100,2017,28001010095P3,CIÊNCIA DA COMPUTAÇÃO,CIÊNCIA DA COMPUTAÇÃO,UFBA,UNIVERSIDADE FEDERAL DA BAHIA,,FEDERAL,BA,NORDESTE,2014,ACADÊMICO,NÃO,4,MESTRADO/DOUTORADO,2014/2014,,NÃO,,,,,,29,9,0,38,76.3,1,3,2,0,34,30,36,29,16,52,10,62,15,1,2,0,0,,,,http://pgcomp.dcc.ufba.br,177620,110194,AVALIAÇÃO
101,2018,28001010095P3,CIÊNCIA DA COMPUTAÇÃO,CIÊNCIA DA COMPUTAÇÃO,UFBA,UNIVERSIDADE FEDERAL DA BAHIA,,FEDERAL,BA,NORDESTE,2014,ACADÊMICO,NÃO,4,MESTRADO/DOUTORADO,2014/2014,,NÃO,,,,,,29,9,0,38,76.3,1,3,0,0,34,32,34,34,17,55,3,58,34,1,5,1,0,,,,http://pgcomp.dcc.ufba.br,177673,110218,AVALIAÇÃO
102,2019,28001010095P3,CIÊNCIA DA COMPUTAÇÃO,CIÊNCIA DA COMPUTAÇÃO,UFBA,UNIVERSIDADE FEDERAL DA BAHIA,,FEDERAL,BA,NORDESTE,2014,ACADÊMICO,NÃO,4,MESTRADO/DOUTORADO,2014/2014,,NÃO,,,,,,27,11,0,38,71.1,1,3,0,0,19,19,19,45,20,66,1,67,24,4,4,2,0,,,,http://pgcomp.dcc.ufba.br,177710,110231,AVALIAÇÃO
103,2020,28001010095P3,CIÊNCIA DA COMPUTAÇÃO,CIÊNCIA DA COMPUTAÇÃO,UFBA,UNIVERSIDADE FEDERAL DA BAHIA,,FEDERAL,BA,NORDESTE,2014,ACADÊMICO,NÃO,4,MESTRADO/DOUTORADO,2014/2014,,NÃO,,,,,,27,10,0,37,73.0,1,3,0,0,9,9,9,60,19,79,10,89,27,10,2,2,0,,,,http://pgcomp.dcc.ufba.br,200428,132522,AVALIAÇÃO
104,2019,28002016020P6,CIÊNCIA DA COMPUTAÇÃO,CIÊNCIA DA COMPUTAÇÃO,UEFS,UNIVERSIDADE ESTADUAL DE FEIRA DE SANTANA,,ESTADUAL,BA,NORDESTE,2019,ACADÊMICO,NÃO,A,MESTRADO,2019,,NÃO,,,,,,10,1,0,11,90.9,1,2,11,0,0,11,11,3,19,22,0,22,0,0,0,0,0,,,,https://pgcc.uefs.br,168125,102054,AVALIAÇÃO
105,2020,28002016020P6,CIÊNCIA DA COMPUTAÇÃO,CIÊNCIA DA COMPUTAÇÃO,UEFS,UNIVERSIDADE ESTADUAL DE FEIRA DE SANTANA,,ESTADUAL,BA,NORDESTE,2019,ACADÊMICO,NÃO,A,MESTRADO,2019,,NÃO,,,,,,11,2,0,13,84.6,1,2,7,0,0,7,7,11,19,24,0,24,0,0,0,0,0,,,,https://pgcc.uefs.br,203024,134583,AVALIAÇÃO
106,2017,28013018005P5,SISTEMAS E COMPUTAÇÃO,TELEINFORMÁTICA,UNIFACS,UNIVERSIDADE SALVADOR,,PARTICULAR,BA,NORDESTE,2006,ACADÊMICO,NÃO,3,MESTRADO,2006,,NÃO,,,,,,12,0,0,12,100.0,1,3,22,0,0,22,22,30,14,37,3,44,8,0,1,0,0,,,,http://www.ppgcomp.unifacs.br,169638,103446,AVALIAÇÃO
107,2018,28013018005P5,SISTEMAS E COMPUTAÇÃO,TELEINFORMÁTICA,UNIFACS,UNIVERSIDADE SALVADOR,,PARTICULAR,BA,NORDESTE,2006,ACADÊMICO,NÃO,3,MESTRADO,2006,,NÃO,,,,,,11,0,0,11,100.0,1,3,19,0,0,19,19,31,10,40,8,51,16,0,3,0,0,,,,http://www.ppgcomp.unifacs.br,171321,105038,AVALIAÇÃO
108,2019,28013018005P5,SISTEMAS E COMPUTAÇÃO,TELEINFORMÁTICA,UNIFACS,UNIVERSIDADE SALVADOR,,PARTICULAR,BA,NORDESTE,2006,ACADÊMICO,NÃO,3,MESTRADO,2006,,NÃO,,,,,,11,0,0,11,100.0,1,3,20,0,0,20,20,38,14,46,5,55,10,0,2,0,0,,,,http://www.ppgcomp.unifacs.br,171326,105042,AVALIAÇÃO
109,2020,28013018005P5,SISTEMAS E COMPUTAÇÃO,TELEINFORMÁTICA,UNIFACS,UNIVERSIDADE SALVADOR,,PARTICULAR,BA,NORDESTE,2006,ACADÊMICO,NÃO,3,MESTRADO,2006,,NÃO,,,,,,10,0,0,10,100.0,1,3,19,0,0,19,19,38,11,46,0,47,4,0,2,0,0,,,,http://www.ppgcomp.unifacs.br,198520,130872,AVALIAÇÃO
110,2017,30001013007P0,INFORMÁTICA,CIÊNCIA DA COMPUTAÇÃO,UFES,UNIVERSIDADE FEDERAL DO ESPÍRITO SANTO,,FEDERAL,ES,SUDESTE,1994,ACADÊMICO,NÃO,4,MESTRADO/DOUTORADO,1994/2010,,NÃO,,,,,,28,2,0,30,93.3,1,5,83,47,0,119,130,27,7,45,0,45,29,6,10,2,0,,,,http://www.informatica.ufes.br/pos-graduacao/PPGI,173452,106993,AVALIAÇÃO
111,2018,30001013007P0,INFORMÁTICA,CIÊNCIA DA COMPUTAÇÃO,UFES,UNIVERSIDADE FEDERAL DO ESPÍRITO SANTO,,FEDERAL,ES,SUDESTE,1994,ACADÊMICO,NÃO,4,MESTRADO/DOUTORADO,1994/2010,,NÃO,,,,,,29,2,0,31,93.5,1,5,60,45,0,97,105,32,7,51,1,52,17,8,8,1,0,,,,http://www.informatica.ufes.br/pos-graduacao/PPGI,173428,106979,AVALIAÇÃO
112,2019,30001013007P0,INFORMÁTICA,CIÊNCIA DA COMPUTAÇÃO,UFES,UNIVERSIDADE FEDERAL DO ESPÍRITO SANTO,,FEDERAL,ES,SUDESTE,1994,ACADÊMICO,NÃO,4,MESTRADO/DOUTORADO,1994/2010,,NÃO,,,,,,26,3,0,29,89.7,1,5,43,49,18,106,110,32,6,51,5,56,19,8,5,3,1,,,,http://www.informatica.ufes.br/pos-graduacao/PPGI,173386,106937,AVALIAÇÃO
113,2020,30001013007P0,INFORMÁTICA,CIÊNCIA DA COMPUTAÇÃO,UFES,UNIVERSIDADE FEDERAL DO ESPÍRITO SANTO,,FEDERAL,ES,SUDESTE,1994,ACADÊMICO,NÃO,4,MESTRADO/DOUTORADO,1994/2010,,NÃO,,,,,,22,2,0,24,91.7,1,5,50,41,14,103,105,31,3,47,2,49,11,5,1,0,0,,,,http://www.informatica.ufes.br/pos-graduacao/PPGI,203525,135018,AVALIAÇÃO
114,2019,30004012075P4,COMPUTAÇÃO APLICADA,CIÊNCIA DA COMPUTAÇÃO,IFES,"INSTITUTO FEDERAL DE EDUCAÇÃO, CIÊNCIA E TECNOLOGIA DO ESPÍRITO SANTO",,FEDERAL,ES,SUDESTE,2019,PROFISSIONAL,NÃO,A,MESTRADO PROFISSIONAL,2019,,NÃO,,,,,,14,4,0,18,77.8,1,2,10,0,0,10,10,21,3,22,5,27,0,0,0,0,0,,,,https://ppcomp.serra.ifes.edu.br/,173319,106887,AVALIAÇÃO
115,2020,30004012075P4,COMPUTAÇÃO APLICADA,CIÊNCIA DA COMPUTAÇÃO,IFES,"INSTITUTO FEDERAL DE EDUCAÇÃO, CIÊNCIA E TECNOLOGIA DO ESPÍRITO SANTO",,FEDERAL,ES,SUDESTE,2019,PROFISSIONAL,NÃO,A,MESTRADO PROFISSIONAL,2019,,NÃO,,,,,,14,4,0,18,77.8,1,2,26,0,0,26,26,28,4,34,4,38,0,0,0,0,0,,,,https://ppcomp.serra.ifes.edu.br/,197957,130383,AVALIAÇÃO
116,2017,31001017004P3,ENGENHARIA DE SISTEMAS E COMPUTAÇÃO,SISTEMA DE COMPUTAÇÃO,UFRJ,UNIVERSIDADE FEDERAL DO RIO DE JANEIRO,,FEDERAL,RJ,SUDESTE,1971,ACADÊMICO,NÃO,7,MESTRADO/DOUTORADO,1971/1971,,NÃO,,,,,,34,7,0,41,82.9,9,14,18,23,27,64,68,19,0,38,6,44,32,30,10,8,0,,,,http://www.cos.ufrj.br,166539,100558,AVALIAÇÃO
117,2018,31001017004P3,ENGENHARIA DE SISTEMAS E COMPUTAÇÃO,SISTEMA DE COMPUTAÇÃO,UFRJ,UNIVERSIDADE FEDERAL DO RIO DE JANEIRO,,FEDERAL,RJ,SUDESTE,1971,ACADÊMICO,NÃO,7,MESTRADO/DOUTORADO,1971/1971,,NÃO,,,,,,36,8,0,44,81.8,9,14,18,20,26,62,64,23,1,42,0,42,36,22,11,9,1,,,,http://www.cos.ufrj.br,166811,100797,AVALIAÇÃO
118,2019,31001017004P3,ENGENHARIA DE SISTEMAS E COMPUTAÇÃO,SISTEMA DE COMPUTAÇÃO,UFRJ,UNIVERSIDADE FEDERAL DO RIO DE JANEIRO,,FEDERAL,RJ,SUDESTE,1971,ACADÊMICO,NÃO,7,MESTRADO/DOUTORADO,1971/1971,,NÃO,,,,,,35,8,0,43,81.4,9,14,22,35,6,59,63,28,3,47,0,47,27,18,7,2,1,,,,http://www.cos.ufrj.br,166938,100906,AVALIAÇÃO
119,2020,31001017004P3,ENGENHARIA DE SISTEMAS E COMPUTAÇÃO,SISTEMA DE COMPUTAÇÃO,UFRJ,UNIVERSIDADE FEDERAL DO RIO DE JANEIRO,,FEDERAL,RJ,SUDESTE,1971,ACADÊMICO,NÃO,7,MESTRADO/DOUTORADO,1971/1971,,NÃO,,,,,,35,4,0,39,89.7,9,14,14,33,6,53,53,28,3,46,0,46,19,10,5,3,0,,,,http://www.cos.ufrj.br,200740,132766,AVALIAÇÃO
120,2017,31001017110P8,INFORMÁTICA,CIÊNCIA DA COMPUTAÇÃO,UFRJ,UNIVERSIDADE FEDERAL DO RIO DE JANEIRO,,FEDERAL,RJ,SUDESTE,1997,ACADÊMICO,NÃO,4,MESTRADO/DOUTORADO,1997/2010,,NÃO,,,,,,29,2,0,31,93.5,1,5,57,39,0,93,96,52,31,94,3,97,20,7,5,1,0,,,,http://www.ppgi.ufrj.br,129540,66350,AVALIAÇÃO
121,2018,31001017110P8,INFORMÁTICA,CIÊNCIA DA COMPUTAÇÃO,UFRJ,UNIVERSIDADE FEDERAL DO RIO DE JANEIRO,,FEDERAL,RJ,SUDESTE,1997,ACADÊMICO,NÃO,4,MESTRADO/DOUTORADO,1997/2010,,NÃO,,,,,,28,3,0,31,90.3,1,5,70,40,0,106,110,52,26,94,3,97,13,9,2,3,0,,,,http://www.ppgi.ufrj.br,134751,70877,AVALIAÇÃO
122,2019,31001017110P8,INFORMÁTICA,CIÊNCIA DA COMPUTAÇÃO,UFRJ,UNIVERSIDADE FEDERAL DO RIO DE JANEIRO,,FEDERAL,RJ,SUDESTE,1997,ACADÊMICO,NÃO,4,MESTRADO/DOUTORADO,1997/2010,,NÃO,,,,,,25,3,0,28,89.3,1,5,64,37,0,86,101,41,15,72,10,82,14,9,5,0,0,,,,http://www.ppgi.ufrj.br,154665,88848,AVALIAÇÃO
123,2020,31001017110P8,INFORMÁTICA,CIÊNCIA DA COMPUTAÇÃO,UFRJ,UNIVERSIDADE FEDERAL DO RIO DE JANEIRO,,FEDERAL,RJ,SUDESTE,1997,ACADÊMICO,NÃO,4,MESTRADO/DOUTORADO,1997/2010,,NÃO,,,,,,25,2,0,27,92.6,1,8,29,7,0,32,36,20,11,32,6,38,21,9,5,1,0,,,,http://www.ppgi.ufrj.br,197217,129647,AVALIAÇÃO
124,2017,31003010046P4,COMPUTAÇÃO,CIÊNCIA DA COMPUTAÇÃO,UFF,UNIVERSIDADE FEDERAL FLUMINENSE,,FEDERAL,RJ,SUDESTE,1995,ACADÊMICO,NÃO,6,MESTRADO/DOUTORADO,1995/2002,,NÃO,,,,,,41,1,0,42,97.6,7,30,0,0,57,57,57,28,2,39,14,53,24,27,12,3,0,,,,http://www.ic.uff.br/,129464,66314,AVALIAÇÃO
125,2018,31003010046P4,COMPUTAÇÃO,CIÊNCIA DA COMPUTAÇÃO,UFF,UNIVERSIDADE FEDERAL FLUMINENSE,,FEDERAL,RJ,SUDESTE,1995,ACADÊMICO,NÃO,6,MESTRADO/DOUTORADO,1995/2002,,NÃO,,,,,,41,1,0,42,97.6,8,31,0,0,54,54,54,28,4,41,29,70,31,21,9,2,0,PRÊMIO CAPES DE TESE,,ERICK OLIVEIRA RODRIGUES,http://www.ic.uff.br/,137904,73790,AVALIAÇÃO
126,2019,31003010046P4,COMPUTAÇÃO,CIÊNCIA DA COMPUTAÇÃO,UFF,UNIVERSIDADE FEDERAL FLUMINENSE,,FEDERAL,RJ,SUDESTE,1995,ACADÊMICO,NÃO,6,MESTRADO/DOUTORADO,1995/2002,,NÃO,,,,,,38,7,0,45,84.4,8,30,2,2,58,60,62,35,12,50,7,57,46,12,15,4,0,PRÊMIO CAPES DE TESE,,TROY COSTA KOHWALTER,http://www.ic.uff.br/,155767,91124,AVALIAÇÃO
127,2020,31003010046P4,COMPUTAÇÃO,CIÊNCIA DA COMPUTAÇÃO,UFF,UNIVERSIDADE FEDERAL FLUMINENSE,,FEDERAL,RJ,SUDESTE,1995,ACADÊMICO,NÃO,6,MESTRADO/DOUTORADO,1995/2002,,NÃO,,,,,,40,4,0,44,90.9,8,34,2,2,52,56,56,38,12,47,19,67,26,7,13,1,0,,,,http://www.ic.uff.br/,197723,130149,AVALIAÇÃO
128,2017,31005012004P9,INFORMÁTICA,CIÊNCIA DA COMPUTAÇÃO,PUC-RIO,PONTIFÍCIA UNIVERSIDADE CATÓLICA DO RIO DE JANEIRO,,PARTICULAR,RJ,SUDESTE,1967,ACADÊMICO,NÃO,7,MESTRADO/DOUTORADO,1967/1975,,NÃO,,,,,,24,1,0,25,96.0,10,54,22,29,0,49,51,64,8,99,9,108,22,18,12,11,0,,,,http://www.inf.puc-rio.br,169978,103783,AVALIAÇÃO
129,2018,31005012004P9,INFORMÁTICA,CIÊNCIA DA COMPUTAÇÃO,PUC-RIO,PONTIFÍCIA UNIVERSIDADE CATÓLICA DO RIO DE JANEIRO,,PARTICULAR,RJ,SUDESTE,1967,ACADÊMICO,NÃO,7,MESTRADO/DOUTORADO,1967/1975,,NÃO,,,,,,26,1,0,27,96.3,10,57,0,0,53,52,53,45,2,70,40,110,36,14,20,9,0,,,,http://www.inf.puc-rio.br,169979,103784,AVALIAÇÃO
130,2019,31005012004P9,INFORMÁTICA,CIÊNCIA DA COMPUTAÇÃO,PUC-RIO,PONTIFÍCIA UNIVERSIDADE CATÓLICA DO RIO DE JANEIRO,,PARTICULAR,RJ,SUDESTE,1967,ACADÊMICO,NÃO,7,MESTRADO/DOUTORADO,1967/1975,,NÃO,,,,,,22,2,0,24,91.7,10,53,0,0,47,46,47,50,8,78,14,92,35,13,24,10,0,,,,http://www.inf.puc-rio.br,170002,103787,AVALIAÇÃO
131,2020,31005012004P9,INFORMÁTICA,CIÊNCIA DA COMPUTAÇÃO,PUC-RIO,PONTIFÍCIA UNIVERSIDADE CATÓLICA DO RIO DE JANEIRO,,PARTICULAR,RJ,SUDESTE,1967,ACADÊMICO,NÃO,7,MESTRADO/DOUTORADO,1967/1975,,NÃO,,,,,,21,2,0,23,91.3,10,43,0,0,52,52,52,46,8,73,0,73,23,15,19,7,0,,,,http://www.inf.puc-rio.br,202852,134415,AVALIAÇÃO
132,2017,31007015009P3,SISTEMAS E COMPUTAÇÃO,CIÊNCIA DA COMPUTAÇÃO,IME,INSTITUTO MILITAR DE ENGENHARIA,,FEDERAL,RJ,SUDESTE,1971,ACADÊMICO,NÃO,3,MESTRADO,1971,,NÃO,,,,,,10,1,0,11,90.9,1,3,25,0,0,20,25,11,10,14,1,15,14,0,5,0,0,,,,http://www.comp.ime.eb.br,172710,106393,AVALIAÇÃO
133,2018,31007015009P3,SISTEMAS E COMPUTAÇÃO,CIÊNCIA DA COMPUTAÇÃO,IME,INSTITUTO MILITAR DE ENGENHARIA,,FEDERAL,RJ,SUDESTE,1971,ACADÊMICO,NÃO,3,MESTRADO,1971,,NÃO,,,,,,10,1,0,11,90.9,1,3,32,0,0,23,32,8,9,14,2,16,15,0,5,0,0,,,,http://www.comp.ime.eb.br,172760,106453,AVALIAÇÃO
134,2019,31007015009P3,SISTEMAS E COMPUTAÇÃO,CIÊNCIA DA COMPUTAÇÃO,IME,INSTITUTO MILITAR DE ENGENHARIA,,FEDERAL,RJ,SUDESTE,1971,ACADÊMICO,NÃO,3,MESTRADO,1971,,NÃO,,,,,,10,1,0,11,90.9,1,3,33,0,0,23,33,10,9,15,7,22,7,0,2,0,0,,,,http://www.comp.ime.eb.br,172779,106441,AVALIAÇÃO
135,2020,31007015009P3,SISTEMAS E COMPUTAÇÃO,CIÊNCIA DA COMPUTAÇÃO,IME,INSTITUTO MILITAR DE ENGENHARIA,,FEDERAL,RJ,SUDESTE,1971,ACADÊMICO,NÃO,3,MESTRADO,1971,,NÃO,,,,,,10,2,0,12,83.3,1,3,30,0,0,24,30,9,10,21,3,24,18,0,3,0,0,,,,http://www.comp.ime.eb.br,198107,130470,AVALIAÇÃO
136,2017,31021018009P9,INFORMÁTICA,CIÊNCIA DA COMPUTAÇÃO,UNIRIO,UNIVERSIDADE FEDERAL DO ESTADO DO RIO DE JANEIRO,,FEDERAL,RJ,SUDESTE,2007,ACADÊMICO,NÃO,4,MESTRADO/DOUTORADO,2007/2014,,NÃO,,,,,,18,2,0,20,90.0,1,3,15,7,15,37,37,21,26,44,9,53,21,0,6,0,0,,,,http://ppgi.uniriotec.br,167466,101377,AVALIAÇÃO
137,2018,31021018009P9,INFORMÁTICA,CIÊNCIA DA COMPUTAÇÃO,UNIRIO,UNIVERSIDADE FEDERAL DO ESTADO DO RIO DE JANEIRO,,FEDERAL,RJ,SUDESTE,2007,ACADÊMICO,NÃO,4,MESTRADO/DOUTORADO,2007/2014,,NÃO,,,,,,16,2,2,20,80.0,1,3,16,8,15,35,39,14,19,33,8,54,21,1,3,0,0,,,,http://ppgi.uniriotec.br,167630,101539,AVALIAÇÃO
138,2019,31021018009P9,INFORMÁTICA,CIÊNCIA DA COMPUTAÇÃO,UNIRIO,UNIVERSIDADE FEDERAL DO ESTADO DO RIO DE JANEIRO,,FEDERAL,RJ,SUDESTE,2007,ACADÊMICO,NÃO,4,MESTRADO/DOUTORADO,2007/2014,,NÃO,,,,,,12,2,2,16,75.0,1,3,5,6,21,28,32,11,16,34,3,39,13,8,5,1,1,,,,http://ppgi.uniriotec.br,167667,101570,AVALIAÇÃO
139,2020,31021018009P9,INFORMÁTICA,CIÊNCIA DA COMPUTAÇÃO,UNIRIO,UNIVERSIDADE FEDERAL DO ESTADO DO RIO DE JANEIRO,,FEDERAL,RJ,SUDESTE,2007,ACADÊMICO,NÃO,4,MESTRADO/DOUTORADO,2007/2014,,NÃO,,,,,,14,3,1,18,77.8,1,3,5,8,20,33,33,14,23,30,6,36,19,5,0,0,0,,,,http://ppgi.uniriotec.br,203107,134663,AVALIAÇÃO
140,2017,31022014009P5,CIÊNCIA DA COMPUTAÇÃO,CIÊNCIA DA COMPUTAÇÃO,CEFET/RJ,CENTRO FEDERAL DE EDUCAÇÃO TECN. CELSO SUCKOW DA FONSECA,,FEDERAL,RJ,SUDESTE,2016,ACADÊMICO,NÃO,3,MESTRADO,2016,,NÃO,,,,,,12,0,0,12,100.0,1,2,17,0,0,17,17,7,7,7,0,7,0,0,0,0,0,,,,http://eic.cefet-rj.br/ppcic,167247,101155,AVALIAÇÃO
141,2018,31022014009P5,CIÊNCIA DA COMPUTAÇÃO,CIÊNCIA DA COMPUTAÇÃO,CEFET/RJ,CENTRO FEDERAL DE EDUCAÇÃO TECN. CELSO SUCKOW DA FONSECA,,FEDERAL,RJ,SUDESTE,2016,ACADÊMICO,NÃO,3,MESTRADO,2016,,NÃO,,,,,,12,2,0,14,85.7,1,2,23,0,0,21,23,7,7,7,0,7,3,0,2,0,0,,,,http://eic.cefet-rj.br/ppcic,167264,101175,AVALIAÇÃO
142,2019,31022014009P5,CIÊNCIA DA COMPUTAÇÃO,CIÊNCIA DA COMPUTAÇÃO,CEFET/RJ,CENTRO FEDERAL DE EDUCAÇÃO TECN. CELSO SUCKOW DA FONSECA,,FEDERAL,RJ,SUDESTE,2016,ACADÊMICO,NÃO,3,MESTRADO,2016,,NÃO,,,,,,14,1,0,15,93.3,1,2,20,0,0,19,20,7,7,7,0,7,11,0,1,0,0,,,,http://eic.cefet-rj.br/ppcic,167267,101178,AVALIAÇÃO
143,2020,31022014009P5,CIÊNCIA DA COMPUTAÇÃO,CIÊNCIA DA COMPUTAÇÃO,CEFET/RJ,CENTRO FEDERAL DE EDUCAÇÃO TECN. CELSO SUCKOW DA FONSECA,,FEDERAL,RJ,SUDESTE,2016,ACADÊMICO,NÃO,3,MESTRADO,2016,,NÃO,,,,,,14,2,0,16,87.5,1,2,19,0,0,19,19,7,7,7,0,7,20,0,2,0,0,,,,http://eic.cefet-rj.br/ppcic,197444,129872,AVALIAÇÃO
144,2017,32001010004P6,CIÊNCIAS DA COMPUTAÇÃO,CIÊNCIA DA COMPUTAÇÃO,UFMG,UNIVERSIDADE FEDERAL DE MINAS GERAIS,,FEDERAL,MG,SUDESTE,1974,ACADÊMICO,NÃO,7,MESTRADO/DOUTORADO,1974/1990,SIM,NÃO,,,,,,49,5,0,54,90.7,1,7,0,72,3,73,75,125,4,134,52,186,65,10,33,3,0,,,,http://www.dcc.ufmg.br/pos,171086,104829,AVALIAÇÃO
145,2018,32001010004P6,CIÊNCIAS DA COMPUTAÇÃO,CIÊNCIA DA COMPUTAÇÃO,UFMG,UNIVERSIDADE FEDERAL DE MINAS GERAIS,,FEDERAL,MG,SUDESTE,1974,ACADÊMICO,NÃO,7,MESTRADO/DOUTORADO,1974/1990,SIM,NÃO,,,,,,52,5,0,57,91.2,1,7,0,2,56,55,58,122,19,136,41,177,57,10,21,0,0,PRÊMIO CAPES DE TESE,,RODOLFO WANDERSON LIMA COUTINHO,http://www.dcc.ufmg.br/pos,171115,104866,AVALIAÇÃO
146,2019,32001010004P6,CIÊNCIAS DA COMPUTAÇÃO,CIÊNCIA DA COMPUTAÇÃO,UFMG,UNIVERSIDADE FEDERAL DE MINAS GERAIS,,FEDERAL,MG,SUDESTE,1974,ACADÊMICO,NÃO,7,MESTRADO/DOUTORADO,1974/1990,SIM,NÃO,,,,,,56,7,0,63,88.9,1,7,0,3,65,63,68,138,30,153,38,191,52,19,14,8,1,PRÊMIO CAPES DE TESE,,FABIANO MUNIZ BELEM,http://www.dcc.ufmg.br/pos,171151,104882,AVALIAÇÃO
147,2020,32001010004P6,CIÊNCIAS DA COMPUTAÇÃO,CIÊNCIA DA COMPUTAÇÃO,UFMG,UNIVERSIDADE FEDERAL DE MINAS GERAIS,,FEDERAL,MG,SUDESTE,1974,ACADÊMICO,NÃO,7,MESTRADO/DOUTORADO,1974/1990,SIM,NÃO,,,,,,58,5,0,63,92.1,1,7,1,2,55,55,58,139,33,150,31,181,52,19,15,2,0,PRÊMIO CAPES DE TESE,,MICHEL MELO DA SILVA,http://www.dcc.ufmg.br/pos,200492,132582,AVALIAÇÃO
148,2017,32002017027P2,CIÊNCIA DA COMPUTAÇÃO,CIÊNCIA DA COMPUTAÇÃO,UFV,UNIVERSIDADE FEDERAL DE VIÇOSA,,FEDERAL,MG,SUDESTE,2004,ACADÊMICO,NÃO,4,MESTRADO/DOUTORADO,2004/2019,,NÃO,,,,,,13,1,0,14,92.9,1,3,19,0,0,19,19,12,1,13,10,23,13,0,6,0,0,,,,http://www.ufv.br,169928,103694,AVALIAÇÃO
149,2018,32002017027P2,CIÊNCIA DA COMPUTAÇÃO,CIÊNCIA DA COMPUTAÇÃO,UFV,UNIVERSIDADE FEDERAL DE VIÇOSA,,FEDERAL,MG,SUDESTE,2004,ACADÊMICO,NÃO,4,MESTRADO/DOUTORADO,2004/2019,,NÃO,,,,,,14,4,0,18,77.8,2,3,20,0,0,20,20,14,1,16,6,22,16,0,6,0,0,,,,http://www.ufv.br,170151,103930,AVALIAÇÃO
150,2019,32002017027P2,CIÊNCIA DA COMPUTAÇÃO,CIÊNCIA DA COMPUTAÇÃO,UFV,UNIVERSIDADE FEDERAL DE VIÇOSA,,FEDERAL,MG,SUDESTE,2004,ACADÊMICO,NÃO,4,MESTRADO/DOUTORADO,2004/2019,,NÃO,,,,,,13,4,0,17,76.5,2,3,15,4,7,26,26,18,1,20,4,24,14,0,7,0,0,,,,http://www.ufv.br,170316,104092,AVALIAÇÃO
151,2020,32002017027P2,CIÊNCIA DA COMPUTAÇÃO,CIÊNCIA DA COMPUTAÇÃO,UFV,UNIVERSIDADE FEDERAL DE VIÇOSA,,FEDERAL,MG,SUDESTE,2004,ACADÊMICO,NÃO,4,MESTRADO/DOUTORADO,2004/2019,,NÃO,,,,,,14,3,0,17,82.4,2,3,5,0,18,23,23,17,4,18,9,27,12,0,3,0,0,,,,http://www.ufv.br,203174,134723,AVALIAÇÃO
152,2017,32003013008P4,CIÊNCIA E TECNOLOGIA DA COMPUTAÇÃO,CIÊNCIA DA COMPUTAÇÃO,UNIFEI,UNIVERSIDADE FEDERAL DE ITAJUBÁ,,FEDERAL,MG,SUDESTE,2008,ACADÊMICO,NÃO,3,MESTRADO,2008,,NÃO,,,,,,12,8,0,20,60.0,2,2,11,0,0,11,11,16,4,21,12,33,15,0,6,0,0,,,,http://www.poscomp.unifei.edu.br,168574,102490,AVALIAÇÃO
153,2018,32003013008P4,CIÊNCIA E TECNOLOGIA DA COMPUTAÇÃO,CIÊNCIA DA COMPUTAÇÃO,UNIFEI,UNIVERSIDADE FEDERAL DE ITAJUBÁ,,FEDERAL,MG,SUDESTE,2008,ACADÊMICO,NÃO,3,MESTRADO,2008,,NÃO,,,,,,12,8,0,20,60.0,2,3,12,0,0,12,12,17,7,21,12,34,13,0,5,0,0,,,,http://www.poscomp.unifei.edu.br,173342,106890,AVALIAÇÃO
154,2019,32003013008P4,CIÊNCIA E TECNOLOGIA DA COMPUTAÇÃO,CIÊNCIA DA COMPUTAÇÃO,UNIFEI,UNIVERSIDADE FEDERAL DE ITAJUBÁ,,FEDERAL,MG,SUDESTE,2008,ACADÊMICO,NÃO,3,MESTRADO,2008,,NÃO,,,,,,11,4,0,15,73.3,2,3,14,0,0,12,14,17,12,22,9,31,11,0,4,0,0,,,,http://www.poscomp.unifei.edu.br,173364,106915,AVALIAÇÃO
155,2020,32003013008P4,CIÊNCIA E TECNOLOGIA DA COMPUTAÇÃO,CIÊNCIA DA COMPUTAÇÃO,UNIFEI,UNIVERSIDADE FEDERAL DE ITAJUBÁ,,FEDERAL,MG,SUDESTE,2008,ACADÊMICO,NÃO,3,MESTRADO,2008,,NÃO,,,,,,14,3,0,17,82.4,2,3,13,0,0,11,13,22,16,34,5,39,8,0,3,0,0,,,,http://www.poscomp.unifei.edu.br,204469,135822,AVALIAÇÃO
156,2017,32004010027P9,CIÊNCIA DA COMPUTAÇÃO,CIÊNCIA DA COMPUTAÇÃO,UFLA,UNIVERSIDADE FEDERAL DE LAVRAS,,FEDERAL,MG,SUDESTE,2012,ACADÊMICO,NÃO,3,MESTRADO,2012,,NÃO,,,,,,12,3,0,15,80.0,1,3,21,0,0,21,21,17,17,27,7,36,9,0,5,0,0,,,,http://www.prpg.ufla.br/computacao,176005,108999,AVALIAÇÃO
157,2018,32004010027P9,CIÊNCIA DA COMPUTAÇÃO,CIÊNCIA DA COMPUTAÇÃO,UFLA,UNIVERSIDADE FEDERAL DE LAVRAS,,FEDERAL,MG,SUDESTE,2012,ACADÊMICO,NÃO,3,MESTRADO,2012,,NÃO,,,,,,12,1,0,13,92.3,1,3,17,0,0,17,17,17,16,26,5,31,10,0,4,0,0,,,,http://www.prpg.ufla.br/computacao,176331,109179,AVALIAÇÃO
158,2019,32004010027P9,CIÊNCIA DA COMPUTAÇÃO,CIÊNCIA DA COMPUTAÇÃO,UFLA,UNIVERSIDADE FEDERAL DE LAVRAS,,FEDERAL,MG,SUDESTE,2012,ACADÊMICO,NÃO,3,MESTRADO,2012,,NÃO,,,,,,13,2,0,15,86.7,1,3,23,0,0,23,23,14,8,23,6,30,9,0,5,0,0,,,,http://www.prpg.ufla.br/computacao,176482,109248,AVALIAÇÃO
159,2020,32004010027P9,CIÊNCIA DA COMPUTAÇÃO,CIÊNCIA DA COMPUTAÇÃO,UFLA,UNIVERSIDADE FEDERAL DE LAVRAS,,FEDERAL,MG,SUDESTE,2012,ACADÊMICO,NÃO,3,MESTRADO,2012,,NÃO,,,,,,13,3,0,16,81.3,1,3,18,0,0,17,18,36,7,37,7,45,16,0,6,0,0,,,,http://www.prpg.ufla.br/computacao,198935,131217,AVALIAÇÃO
160,2017,32005016034P8,CIÊNCIA DA COMPUTAÇÃO,CIÊNCIA DA COMPUTAÇÃO,UFJF,UNIVERSIDADE FEDERAL DE JUIZ DE FORA,,FEDERAL,MG,SUDESTE,2011,ACADÊMICO,NÃO,3,MESTRADO,2011,,NÃO,,,,,,16,5,0,21,76.2,1,2,27,0,0,26,27,50,7,67,24,91,12,0,9,0,0,,,,http://www.ufjf.br/pgcc,133167,69539,AVALIAÇÃO
161,2018,32005016034P8,CIÊNCIA DA COMPUTAÇÃO,CIÊNCIA DA COMPUTAÇÃO,UFJF,UNIVERSIDADE FEDERAL DE JUIZ DE FORA,,FEDERAL,MG,SUDESTE,2011,ACADÊMICO,NÃO,3,MESTRADO,2011,,NÃO,,,,,,11,13,1,25,44.0,1,2,32,0,0,21,32,72,2,93,8,103,21,0,7,0,0,,,,http://www.ufjf.br/pgcc,135722,71779,AVALIAÇÃO
162,2019,32005016034P8,CIÊNCIA DA COMPUTAÇÃO,CIÊNCIA DA COMPUTAÇÃO,UFJF,UNIVERSIDADE FEDERAL DE JUIZ DE FORA,,FEDERAL,MG,SUDESTE,2011,ACADÊMICO,NÃO,3,MESTRADO,2011,,NÃO,,,,,,11,4,1,16,68.8,1,2,33,0,0,21,33,56,2,65,9,74,24,0,11,0,0,,,,http://www.ufjf.br/pgcc,152080,86806,AVALIAÇÃO
163,2020,32005016034P8,CIÊNCIA DA COMPUTAÇÃO,CIÊNCIA DA COMPUTAÇÃO,UFJF,UNIVERSIDADE FEDERAL DE JUIZ DE FORA,,FEDERAL,MG,SUDESTE,2011,ACADÊMICO,NÃO,3,MESTRADO,2011,,NÃO,,,,,,13,2,1,16,81.3,1,2,32,0,0,23,32,63,4,71,10,82,10,0,5,0,0,,,,http://www.ufjf.br/pgcc,198530,130891,AVALIAÇÃO
164,2017,32006012017P2,CIÊNCIA DA COMPUTAÇÃO,CIÊNCIA DA COMPUTAÇÃO,UFU,UNIVERSIDADE FEDERAL DE UBERLÂNDIA,,FEDERAL,MG,SUDESTE,2001,ACADÊMICO,NÃO,4,MESTRADO/DOUTORADO,2001/2012,,NÃO,,,,,,32,0,0,32,100.0,1,4,14,6,18,38,38,16,3,22,0,22,19,13,9,2,0,,,,http://www.ppgco.facom.ufu.br/,177958,110456,AVALIAÇÃO
165,2018,32006012017P2,CIÊNCIA DA COMPUTAÇÃO,CIÊNCIA DA COMPUTAÇÃO,UFU,UNIVERSIDADE FEDERAL DE UBERLÂNDIA,,FEDERAL,MG,SUDESTE,2001,ACADÊMICO,NÃO,4,MESTRADO/DOUTORADO,2001/2012,,NÃO,,,,,,32,0,0,32,100.0,1,4,20,13,20,53,53,8,3,22,0,22,12,8,5,1,0,,,,http://www.ppgco.facom.ufu.br/,177977,110476,AVALIAÇÃO
166,2019,32006012017P2,CIÊNCIA DA COMPUTAÇÃO,CIÊNCIA DA COMPUTAÇÃO,UFU,UNIVERSIDADE FEDERAL DE UBERLÂNDIA,,FEDERAL,MG,SUDESTE,2001,ACADÊMICO,NÃO,4,MESTRADO/DOUTORADO,2001/2012,,NÃO,,,,,,27,7,0,34,79.4,1,4,28,14,20,52,62,7,1,22,0,22,14,8,10,1,0,,,,http://www.ppgco.facom.ufu.br/,177981,110480,AVALIAÇÃO
167,2020,32006012017P2,CIÊNCIA DA COMPUTAÇÃO,CIÊNCIA DA COMPUTAÇÃO,UFU,UNIVERSIDADE FEDERAL DE UBERLÂNDIA,,FEDERAL,MG,SUDESTE,2001,ACADÊMICO,NÃO,4,MESTRADO/DOUTORADO,2001/2012,,NÃO,,,,,,27,7,0,34,79.4,1,4,12,6,10,21,28,61,2,87,5,92,20,9,6,0,0,,,,http://www.ppgco.facom.ufu.br/,204963,136262,AVALIAÇÃO
168,2017,32007019023P9,CIÊNCIA DA COMPUTAÇÃO,CIÊNCIA DA COMPUTAÇÃO,UFOP,UNIVERSIDADE FEDERAL DE OURO PRETO,,FEDERAL,MG,SUDESTE,2010,ACADÊMICO,NÃO,4,MESTRADO/DOUTORADO,2010/2015,,NÃO,,,,,,14,4,0,18,77.8,1,3,0,0,26,26,26,28,12,52,3,55,11,0,3,0,0,,,,http://ufop.br/,130322,67120,AVALIAÇÃO
169,2018,32007019023P9,CIÊNCIA DA COMPUTAÇÃO,CIÊNCIA DA COMPUTAÇÃO,UFOP,UNIVERSIDADE FEDERAL DE OURO PRETO,,FEDERAL,MG,SUDESTE,2010,ACADÊMICO,NÃO,4,MESTRADO/DOUTORADO,2010/2015,,NÃO,,,,,,15,2,0,17,88.2,1,3,0,0,26,26,26,30,16,61,0,61,17,1,8,0,0,,,,http://ufop.br/,139797,75321,AVALIAÇÃO
170,2019,32007019023P9,CIÊNCIA DA COMPUTAÇÃO,CIÊNCIA DA COMPUTAÇÃO,UFOP,UNIVERSIDADE FEDERAL DE OURO PRETO,,FEDERAL,MG,SUDESTE,2010,ACADÊMICO,NÃO,4,MESTRADO/DOUTORADO,2010/2015,,NÃO,,,,,,18,3,0,21,85.7,1,3,0,0,27,25,27,32,29,58,4,62,7,4,3,0,0,,,,http://ufop.br/,154783,89146,AVALIAÇÃO
171,2020,32007019023P9,CIÊNCIA DA COMPUTAÇÃO,CIÊNCIA DA COMPUTAÇÃO,UFOP,UNIVERSIDADE FEDERAL DE OURO PRETO,,FEDERAL,MG,SUDESTE,2010,ACADÊMICO,NÃO,4,MESTRADO/DOUTORADO,2010/2015,,NÃO,,,,,,17,2,0,19,89.5,1,3,0,0,23,22,23,28,33,57,11,68,5,6,0,1,0,,,,http://ufop.br/,202512,134182,AVALIAÇÃO
172,2017,32008015011P7,INFORMÁTICA,CIÊNCIA DA COMPUTAÇÃO,PUC/MG,PONTIFÍCIA UNIVERSIDADE CATÓLICA DE MINAS GERAIS,,PARTICULAR,MG,SUDESTE,2005,ACADÊMICO,NÃO,4,MESTRADO/DOUTORADO,2005/2016,,NÃO,,,,,,11,1,0,12,91.7,1,2,25,5,23,53,53,15,3,21,11,32,13,0,5,0,0,,,,http://www.pucminas.br/pos/informatica,164150,98084,AVALIAÇÃO
173,2018,32008015011P7,INFORMÁTICA,CIÊNCIA DA COMPUTAÇÃO,PUC/MG,PONTIFÍCIA UNIVERSIDADE CATÓLICA DE MINAS GERAIS,,PARTICULAR,MG,SUDESTE,2005,ACADÊMICO,NÃO,4,MESTRADO/DOUTORADO,2005/2016,,NÃO,,,,,,11,1,0,12,91.7,1,3,24,17,19,60,60,19,4,26,7,33,10,0,3,0,0,,,,http://www.pucminas.br/pos/informatica,164174,98104,AVALIAÇÃO
174,2019,32008015011P7,INFORMÁTICA,CIÊNCIA DA COMPUTAÇÃO,PUC/MG,PONTIFÍCIA UNIVERSIDADE CATÓLICA DE MINAS GERAIS,,PARTICULAR,MG,SUDESTE,2005,ACADÊMICO,NÃO,4,MESTRADO/DOUTORADO,2005/2016,,NÃO,,,,,,12,0,0,12,100.0,1,3,0,0,20,20,20,22,3,30,3,33,9,0,2,0,0,,,,http://www.pucminas.br/pos/informatica,164173,98103,AVALIAÇÃO
175,2020,32008015011P7,INFORMÁTICA,CIÊNCIA DA COMPUTAÇÃO,PUC/MG,PONTIFÍCIA UNIVERSIDADE CATÓLICA DE MINAS GERAIS,,PARTICULAR,MG,SUDESTE,2005,ACADÊMICO,NÃO,4,MESTRADO/DOUTORADO,2005/2016,,NÃO,,,,,,12,0,0,12,100.0,1,2,0,0,20,20,20,25,9,35,9,44,13,1,5,1,0,,,,http://www.pucminas.br/pos/informatica,201011,132991,AVALIAÇÃO
176,2017,32018010044P4,CIÊNCIA DA COMPUTAÇÃO,CIÊNCIA DA COMPUTAÇÃO,UFSJ,UNIVERSIDADE FEDERAL DE SÃO JOÃO DEL-REI,,FEDERAL,MG,SUDESTE,2017,ACADÊMICO,NÃO,3,MESTRADO,2017,,NÃO,,,,,,11,0,0,11,100.0,1,3,9,0,0,9,9,10,4,17,2,19,0,0,0,0,0,,,,http://ppgcc.ufsj.edu.br/,168039,101968,AVALIAÇÃO
177,2018,32018010044P4,CIÊNCIA DA COMPUTAÇÃO,CIÊNCIA DA COMPUTAÇÃO,UFSJ,UNIVERSIDADE FEDERAL DE SÃO JOÃO DEL-REI,,FEDERAL,MG,SUDESTE,2017,ACADÊMICO,NÃO,3,MESTRADO,2017,,NÃO,,,,,,12,0,0,12,100.0,1,3,11,0,0,11,11,9,4,21,2,23,0,0,0,0,0,,,,http://ppgcc.ufsj.edu.br/,169245,103102,AVALIAÇÃO
178,2019,32018010044P4,CIÊNCIA DA COMPUTAÇÃO,CIÊNCIA DA COMPUTAÇÃO,UFSJ,UNIVERSIDADE FEDERAL DE SÃO JOÃO DEL-REI,,FEDERAL,MG,SUDESTE,2017,ACADÊMICO,NÃO,3,MESTRADO,2017,,NÃO,,,,,,12,0,0,12,100.0,1,3,13,0,0,13,13,16,7,27,3,30,3,0,1,0,0,,,,http://ppgcc.ufsj.edu.br/,169295,103150,AVALIAÇÃO
179,2020,32018010044P4,CIÊNCIA DA COMPUTAÇÃO,CIÊNCIA DA COMPUTAÇÃO,UFSJ,UNIVERSIDADE FEDERAL DE SÃO JOÃO DEL-REI,,FEDERAL,MG,SUDESTE,2017,ACADÊMICO,NÃO,3,MESTRADO,2017,,NÃO,,,,,,13,1,0,14,92.9,1,3,10,0,0,10,10,20,7,31,2,33,8,0,0,0,0,,,,http://ppgcc.ufsj.edu.br/,198901,131203,AVALIAÇÃO
180,2017,33001014008P4,CIÊNCIA DA COMPUTAÇÃO,CIÊNCIA DA COMPUTAÇÃO,UFSCAR,UNIVERSIDADE FEDERAL DE SÃO CARLOS,,FEDERAL,SP,SUDESTE,1988,ACADÊMICO,NÃO,4,MESTRADO/DOUTORADO,1988/2009,,NÃO,,,,,,36,9,0,45,80.0,2,4,1,6,25,32,32,81,14,94,5,99,25,7,6,3,0,,,,http://ppgcc.dc.ufscar.br/,167944,101873,AVALIAÇÃO
181,2018,33001014008P4,CIÊNCIA DA COMPUTAÇÃO,CIÊNCIA DA COMPUTAÇÃO,UFSCAR,UNIVERSIDADE FEDERAL DE SÃO CARLOS,,FEDERAL,SP,SUDESTE,1988,ACADÊMICO,NÃO,4,MESTRADO/DOUTORADO,1988/2009,,NÃO,,,,,,35,8,0,43,81.4,2,4,6,7,24,37,37,97,15,118,2,120,42,5,20,3,0,,,,http://ppgcc.dc.ufscar.br/,168157,102092,AVALIAÇÃO
182,2019,33001014008P4,CIÊNCIA DA COMPUTAÇÃO,CIÊNCIA DA COMPUTAÇÃO,UFSCAR,UNIVERSIDADE FEDERAL DE SÃO CARLOS,,FEDERAL,SP,SUDESTE,1988,ACADÊMICO,NÃO,4,MESTRADO/DOUTORADO,1988/2009,,NÃO,,,,,,29,12,0,41,70.7,2,4,2,1,24,26,27,106,14,128,19,147,27,10,8,1,0,,,,http://ppgcc.dc.ufscar.br/,168217,102151,AVALIAÇÃO
183,2020,33001014008P4,CIÊNCIA DA COMPUTAÇÃO,CIÊNCIA DA COMPUTAÇÃO,UFSCAR,UNIVERSIDADE FEDERAL DE SÃO CARLOS,,FEDERAL,SP,SUDESTE,1988,ACADÊMICO,NÃO,4,MESTRADO/DOUTORADO,1988/2009,,NÃO,,,,,,24,10,0,34,70.6,2,4,4,5,33,39,42,97,8,126,17,143,23,14,11,0,0,,,,http://ppgcc.dc.ufscar.br/,198847,131142,AVALIAÇÃO
184,2017,33001014044P0,CIÊNCIA DA COMPUTAÇÃO,CIÊNCIA DA COMPUTAÇÃO,UFSCAR,UNIVERSIDADE FEDERAL DE SÃO CARLOS,,FEDERAL,SP,SUDESTE,2012,ACADÊMICO,NÃO,3,MESTRADO,2012,,NÃO,,,,,,10,2,0,12,83.3,1,3,16,0,0,14,16,16,14,23,5,28,13,0,4,0,0,,,,http://www.ppgccs.net,176487,109253,AVALIAÇÃO
185,2018,33001014044P0,CIÊNCIA DA COMPUTAÇÃO,CIÊNCIA DA COMPUTAÇÃO,UFSCAR,UNIVERSIDADE FEDERAL DE SÃO CARLOS,,FEDERAL,SP,SUDESTE,2012,ACADÊMICO,NÃO,3,MESTRADO,2012,,NÃO,,,,,,10,2,0,12,83.3,1,2,15,0,0,14,15,14,12,23,1,24,16,0,2,0,0,,,,http://www.ppgccs.net,176496,109262,AVALIAÇÃO
186,2019,33001014044P0,CIÊNCIA DA COMPUTAÇÃO,CIÊNCIA DA COMPUTAÇÃO,UFSCAR,UNIVERSIDADE FEDERAL DE SÃO CARLOS,,FEDERAL,SP,SUDESTE,2012,ACADÊMICO,NÃO,3,MESTRADO,2012,,NÃO,,,,,,16,3,0,19,84.2,1,2,27,0,0,26,27,21,9,34,0,35,6,0,2,0,0,,,,http://www.ppgccs.net,176481,109285,AVALIAÇÃO
187,2020,33001014044P0,CIÊNCIA DA COMPUTAÇÃO,CIÊNCIA DA COMPUTAÇÃO,UFSCAR,UNIVERSIDADE FEDERAL DE SÃO CARLOS,,FEDERAL,SP,SUDESTE,2012,ACADÊMICO,NÃO,3,MESTRADO,2012,,NÃO,,,,,,14,3,0,17,82.4,1,2,15,0,0,15,15,20,11,35,2,37,8,0,4,0,0,,,,http://www.ppgccs.net,198189,130549,AVALIAÇÃO
188,2017,33002010176P0,CIÊNCIA DA COMPUTAÇÃO,CIÊNCIA DA COMPUTAÇÃO,USP,UNIVERSIDADE DE SÃO PAULO,,ESTADUAL,SP,SUDESTE,1997,ACADÊMICO,NÃO,6,MESTRADO/DOUTORADO,1997/1997,,NÃO,,,,,,32,12,0,44,72.7,1,13,0,0,45,40,45,52,6,86,7,93,36,18,8,5,0,PRÊMIO CAPES DE TESE,,FABIO HAPP BOTLER,http://www.ime.usp.br/dcc/posgrad,166990,100941,AVALIAÇÃO
189,2018,33002010176P0,CIÊNCIA DA COMPUTAÇÃO,CIÊNCIA DA COMPUTAÇÃO,USP,UNIVERSIDADE DE SÃO PAULO,,ESTADUAL,SP,SUDESTE,1997,ACADÊMICO,NÃO,6,MESTRADO/DOUTORADO,1997/1997,,NÃO,,,,,,31,12,0,43,72.1,1,13,0,0,36,34,36,58,3,94,1,95,22,16,9,2,0,,,,http://www.ime.usp.br/dcc/posgrad,167011,100982,AVALIAÇÃO
190,2019,33002010176P0,CIÊNCIA DA COMPUTAÇÃO,CIÊNCIA DA COMPUTAÇÃO,USP,UNIVERSIDADE DE SÃO PAULO,,ESTADUAL,SP,SUDESTE,1997,ACADÊMICO,NÃO,6,MESTRADO/DOUTORADO,1997/1997,,NÃO,,,,,,32,9,0,41,78.0,1,13,0,0,50,46,50,47,3,94,0,94,22,10,8,1,0,,,,http://www.ime.usp.br/dcc/posgrad,167050,101001,AVALIAÇÃO
191,2020,33002010176P0,CIÊNCIA DA COMPUTAÇÃO,CIÊNCIA DA COMPUTAÇÃO,USP,UNIVERSIDADE DE SÃO PAULO,,ESTADUAL,SP,SUDESTE,1997,ACADÊMICO,NÃO,6,MESTRADO/DOUTORADO,1997/1997,,NÃO,,,,,,32,10,0,42,76.2,1,13,0,0,47,43,47,45,1,94,0,94,13,13,3,3,0,,,,http://www.ime.usp.br/dcc/posgrad,204996,136256,AVALIAÇÃO
192,2017,33002010214P0,SISTEMAS DE INFORMAÇÃO,CIÊNCIA DA COMPUTAÇÃO,USP,UNIVERSIDADE DE SÃO PAULO,,ESTADUAL,SP,SUDESTE,2010,ACADÊMICO,NÃO,4,MESTRADO/DOUTORADO,2010/2019,,NÃO,,,,,,16,2,0,18,88.9,1,2,14,0,0,14,14,16,14,23,24,47,19,0,5,0,0,,,,http://ppgsi.each.usp.br/,168917,102812,AVALIAÇÃO
193,2018,33002010214P0,SISTEMAS DE INFORMAÇÃO,CIÊNCIA DA COMPUTAÇÃO,USP,UNIVERSIDADE DE SÃO PAULO,,ESTADUAL,SP,SUDESTE,2010,ACADÊMICO,NÃO,4,MESTRADO/DOUTORADO,2010/2019,,NÃO,,,,,,17,0,0,17,100.0,1,2,14,0,0,14,14,18,14,26,20,46,40,0,8,0,0,,,,http://ppgsi.each.usp.br/,169007,102847,AVALIAÇÃO
194,2019,33002010214P0,SISTEMAS DE INFORMAÇÃO,CIÊNCIA DA COMPUTAÇÃO,USP,UNIVERSIDADE DE SÃO PAULO,,ESTADUAL,SP,SUDESTE,2010,ACADÊMICO,NÃO,4,MESTRADO/DOUTORADO,2010/2019,,NÃO,,,,,,19,7,0,26,73.1,1,2,0,0,17,17,17,20,14,29,22,51,15,0,1,0,0,,,,http://ppgsi.each.usp.br/,169009,102849,AVALIAÇÃO
195,2020,33002010214P0,SISTEMAS DE INFORMAÇÃO,CIÊNCIA DA COMPUTAÇÃO,USP,UNIVERSIDADE DE SÃO PAULO,,ESTADUAL,SP,SUDESTE,2010,ACADÊMICO,NÃO,4,MESTRADO/DOUTORADO,2010/2019,,NÃO,,,,,,19,7,0,26,73.1,1,2,0,17,0,16,17,26,16,37,15,52,13,0,1,0,0,,,,http://ppgsi.each.usp.br/,198972,131252,AVALIAÇÃO
196,2017,33002029052P5,COMPUTAÇÃO APLICADA,CIÊNCIA DA COMPUTAÇÃO,USP/RP,UNIVERSIDADE DE SÃO PAULO ( RIBEIRÃO PRETO ),,ESTADUAL,SP,SUDESTE,2015,ACADÊMICO,NÃO,3,MESTRADO,2015,,NÃO,,,,,,15,0,0,15,100.0,1,2,13,0,0,13,13,17,8,24,1,25,0,0,0,0,0,,,,http://dcm.ffclrp.usp.br/ppgca,164795,98932,AVALIAÇÃO
197,2018,33002029052P5,COMPUTAÇÃO APLICADA,CIÊNCIA DA COMPUTAÇÃO,USP/RP,UNIVERSIDADE DE SÃO PAULO ( RIBEIRÃO PRETO ),,ESTADUAL,SP,SUDESTE,2015,ACADÊMICO,NÃO,3,MESTRADO,2015,,NÃO,,,,,,15,0,0,15,100.0,1,2,10,0,0,10,10,12,8,18,8,26,6,0,0,0,0,,,,http://dcm.ffclrp.usp.br/ppgca,165033,99206,AVALIAÇÃO
198,2019,33002029052P5,COMPUTAÇÃO APLICADA,CIÊNCIA DA COMPUTAÇÃO,USP/RP,UNIVERSIDADE DE SÃO PAULO ( RIBEIRÃO PRETO ),,ESTADUAL,SP,SUDESTE,2015,ACADÊMICO,NÃO,3,MESTRADO,2015,,NÃO,,,,,,16,0,0,16,100.0,1,2,14,0,0,13,14,14,7,21,3,24,12,0,0,0,0,,,,http://dcm.ffclrp.usp.br/ppgca,165044,99232,AVALIAÇÃO
199,2020,33002029052P5,COMPUTAÇÃO APLICADA,CIÊNCIA DA COMPUTAÇÃO,USP/RP,UNIVERSIDADE DE SÃO PAULO ( RIBEIRÃO PRETO ),,ESTADUAL,SP,SUDESTE,2015,ACADÊMICO,NÃO,3,MESTRADO,2015,,NÃO,,,,,,14,2,0,16,87.5,1,2,11,0,0,11,11,15,11,25,2,27,10,0,1,0,0,,,,http://dcm.ffclrp.usp.br/ppgca,203334,134879,AVALIAÇÃO
200,2017,33002045004P1,CIÊNCIAS DA COMPUTAÇÃO E MATEMÁTICA COMPUTACIONAL,CIÊNCIA DA COMPUTAÇÃO,USP/SC,UNIVERSIDADE DE SÃO PAULO (SÃO CARLOS),,ESTADUAL,SP,SUDESTE,1974,ACADÊMICO,NÃO,7,MESTRADO/DOUTORADO,1974/1996,SIM,NÃO,,,,,,63,7,0,70,90.0,1,5,0,2,70,70,72,15,0,15,6,21,40,61,15,26,0,PRÊMIO CAPES DE TESE,,LUIS PAULO FAINA GARCIA,http://www.icmc.usp.br/~posgrad,166184,100203,AVALIAÇÃO
201,2018,33002045004P1,CIÊNCIAS DA COMPUTAÇÃO E MATEMÁTICA COMPUTACIONAL,CIÊNCIA DA COMPUTAÇÃO,USP/SC,UNIVERSIDADE DE SÃO PAULO (SÃO CARLOS),,ESTADUAL,SP,SUDESTE,1974,ACADÊMICO,NÃO,7,MESTRADO/DOUTORADO,1974/1996,SIM,NÃO,,,,,,61,10,0,71,85.9,1,5,0,4,79,81,83,15,0,15,1,16,38,51,20,20,0,,,,http://www.icmc.usp.br/~posgrad,166305,100324,AVALIAÇÃO
202,2019,33002045004P1,CIÊNCIAS DA COMPUTAÇÃO E MATEMÁTICA COMPUTACIONAL,CIÊNCIA DA COMPUTAÇÃO,USP/SC,UNIVERSIDADE DE SÃO PAULO (SÃO CARLOS),,ESTADUAL,SP,SUDESTE,1974,ACADÊMICO,NÃO,7,MESTRADO/DOUTORADO,1974/1996,SIM,NÃO,,,,,,63,10,0,73,86.3,1,5,0,1,67,67,68,15,0,15,8,23,35,42,13,12,0,,,,http://www.icmc.usp.br/~posgrad,166471,100490,AVALIAÇÃO
203,2020,33002045004P1,CIÊNCIAS DA COMPUTAÇÃO E MATEMÁTICA COMPUTACIONAL,CIÊNCIA DA COMPUTAÇÃO,USP/SC,UNIVERSIDADE DE SÃO PAULO (SÃO CARLOS),,ESTADUAL,SP,SUDESTE,1974,ACADÊMICO,NÃO,7,MESTRADO/DOUTORADO,1974/1996,SIM,NÃO,,,,,,64,12,0,76,84.2,1,5,0,0,62,61,62,15,0,15,4,19,38,39,16,5,0,PRÊMIO CAPES DE TESE,,HENRIQUE FERRAZ DE ARRUDA,http://www.icmc.usp.br/~posgrad,203194,134746,AVALIAÇÃO
204,2017,33003017005P8,CIÊNCIA DA COMPUTAÇÃO,CIÊNCIA DA COMPUTAÇÃO,UNICAMP,UNIVERSIDADE ESTADUAL DE CAMPINAS,,ESTADUAL,SP,SUDESTE,1977,ACADÊMICO,NÃO,7,MESTRADO/DOUTORADO,1977/1993,,NÃO,,,,,,43,8,0,51,84.3,3,13,0,1,43,33,44,61,8,74,15,89,40,17,20,2,0,,,,http://www.ic.unicamp.br,166050,100093,AVALIAÇÃO
205,2018,33003017005P8,CIÊNCIA DA COMPUTAÇÃO,CIÊNCIA DA COMPUTAÇÃO,UNICAMP,UNIVERSIDADE ESTADUAL DE CAMPINAS,,ESTADUAL,SP,SUDESTE,1977,ACADÊMICO,NÃO,7,MESTRADO/DOUTORADO,1977/1993,,NÃO,,,,,,46,5,0,51,90.2,3,13,0,0,37,35,37,67,11,87,17,104,37,17,14,7,0,PRÊMIO CAPES DE TESE,,FELIPE ALVES DA LOUZA,http://www.ic.unicamp.br,166106,100147,AVALIAÇÃO
206,2019,33003017005P8,CIÊNCIA DA COMPUTAÇÃO,CIÊNCIA DA COMPUTAÇÃO,UNICAMP,UNIVERSIDADE ESTADUAL DE CAMPINAS,,ESTADUAL,SP,SUDESTE,1977,ACADÊMICO,NÃO,7,MESTRADO/DOUTORADO,1977/1993,,NÃO,,,,,,45,4,0,49,91.8,3,13,0,0,39,33,39,72,10,93,9,102,35,15,15,3,0,PRÊMIO CAPES DE TESE,,ALLAN DA SILVA PINTO,http://www.ic.unicamp.br,166225,100244,AVALIAÇÃO
207,2020,33003017005P8,CIÊNCIA DA COMPUTAÇÃO,CIÊNCIA DA COMPUTAÇÃO,UNICAMP,UNIVERSIDADE ESTADUAL DE CAMPINAS,,ESTADUAL,SP,SUDESTE,1977,ACADÊMICO,NÃO,7,MESTRADO/DOUTORADO,1977/1993,,NÃO,,,,,,45,4,0,49,91.8,3,14,0,0,55,50,55,82,10,102,2,104,54,15,22,3,0,CONCURSO DE DISSERTAÇÕES E TESES SOBRE DEFESA NACIONAL,,CAIO HOFFMAN,http://www.ic.unicamp.br,198816,131111,AVALIAÇÃO
208,2017,33004153073P2,CIÊNCIA DA COMPUTAÇÃO,CIÊNCIA DA COMPUTAÇÃO,UNESP-SJRP,UNIVERSIDADE ESTADUAL PAULISTA JÚLIO DE MESQUITA FILHO ( SÃO JOSÉ DO RIO PRETO ),,ESTADUAL,SP,SUDESTE,2006,ACADÊMICO,NÃO,4,MESTRADO/DOUTORADO,2006/2019,,NÃO,,,,,,20,1,0,21,95.2,2,8,25,0,0,24,25,6,25,32,9,41,25,0,7,0,0,,,,http://www.ibilce.unesp.br/#!/pos-graduacao/programas-de-pos-graduacao/ciencia-da-computacao/,168122,102051,AVALIAÇÃO
209,2018,33004153073P2,CIÊNCIA DA COMPUTAÇÃO,CIÊNCIA DA COMPUTAÇÃO,UNESP-SJRP,UNIVERSIDADE ESTADUAL PAULISTA JÚLIO DE MESQUITA FILHO ( SÃO JOSÉ DO RIO PRETO ),,ESTADUAL,SP,SUDESTE,2006,ACADÊMICO,NÃO,4,MESTRADO/DOUTORADO,2006/2019,,NÃO,,,,,,19,12,0,31,61.3,3,9,29,0,0,25,29,9,25,39,26,65,17,0,7,0,0,,,,http://www.ibilce.unesp.br/#!/pos-graduacao/programas-de-pos-graduacao/ciencia-da-computacao/,168126,102055,AVALIAÇÃO
210,2019,33004153073P2,CIÊNCIA DA COMPUTAÇÃO,CIÊNCIA DA COMPUTAÇÃO,UNESP-SJRP,UNIVERSIDADE ESTADUAL PAULISTA JÚLIO DE MESQUITA FILHO ( SÃO JOSÉ DO RIO PRETO ),,ESTADUAL,SP,SUDESTE,2006,ACADÊMICO,NÃO,4,MESTRADO/DOUTORADO,2006/2019,,NÃO,,,,,,19,12,0,31,61.3,3,9,10,9,0,17,19,12,25,42,21,63,22,0,7,0,0,,,,http://www.ibilce.unesp.br/#!/pos-graduacao/programas-de-pos-graduacao/ciencia-da-computacao/,167735,101664,AVALIAÇÃO
211,2020,33004153073P2,CIÊNCIA DA COMPUTAÇÃO,CIÊNCIA DA COMPUTAÇÃO,UNESP-SJRP,UNIVERSIDADE ESTADUAL PAULISTA JÚLIO DE MESQUITA FILHO ( SÃO JOSÉ DO RIO PRETO ),,ESTADUAL,SP,SUDESTE,2006,ACADÊMICO,NÃO,4,MESTRADO/DOUTORADO,2006/2019,,NÃO,,,,,,19,11,0,30,63.3,2,6,11,6,16,24,33,8,18,32,16,48,19,0,6,0,0,,,,http://www.ibilce.unesp.br/#!/pos-graduacao/programas-de-pos-graduacao/ciencia-da-computacao/,196657,129176,AVALIAÇÃO
212,2017,33009015079P0,CIÊNCIA DA COMPUTAÇÃO,CIÊNCIA DA COMPUTAÇÃO,UNIFESP,UNIVERSIDADE FEDERAL DE SÃO PAULO,,FEDERAL,SP,SUDESTE,2012,ACADÊMICO,NÃO,4,MESTRADO/DOUTORADO,2012/2015,,NÃO,,,,,,20,2,0,22,90.9,1,3,3,6,14,23,23,42,23,54,9,63,13,0,7,0,0,,,,http://ppg.unifesp.br/cienciadacomputacao,165999,100082,AVALIAÇÃO
213,2018,33009015079P0,CIÊNCIA DA COMPUTAÇÃO,CIÊNCIA DA COMPUTAÇÃO,UNIFESP,UNIVERSIDADE FEDERAL DE SÃO PAULO,,FEDERAL,SP,SUDESTE,2012,ACADÊMICO,NÃO,4,MESTRADO/DOUTORADO,2012/2015,,NÃO,,,,,,21,2,0,23,91.3,1,3,3,6,17,26,26,35,17,53,12,66,5,0,3,0,0,,,,http://ppg.unifesp.br/cienciadacomputacao,166480,100499,AVALIAÇÃO
214,2019,33009015079P0,CIÊNCIA DA COMPUTAÇÃO,CIÊNCIA DA COMPUTAÇÃO,UNIFESP,UNIVERSIDADE FEDERAL DE SÃO PAULO,,FEDERAL,SP,SUDESTE,2012,ACADÊMICO,NÃO,4,MESTRADO/DOUTORADO,2012/2015,,NÃO,,,,,,22,2,0,24,91.7,1,3,1,3,20,23,24,8,6,11,50,61,4,2,2,1,0,,,,http://ppg.unifesp.br/cienciadacomputacao,166460,100480,AVALIAÇÃO
215,2020,33009015079P0,CIÊNCIA DA COMPUTAÇÃO,CIÊNCIA DA COMPUTAÇÃO,UNIFESP,UNIVERSIDADE FEDERAL DE SÃO PAULO,,FEDERAL,SP,SUDESTE,2012,ACADÊMICO,NÃO,4,MESTRADO/DOUTORADO,2012/2015,,NÃO,,,,,,21,2,2,25,84.0,1,3,0,0,25,24,25,7,7,10,1,11,5,3,2,1,0,,,,http://ppg.unifesp.br/cienciadacomputacao,205380,136898,AVALIAÇÃO
216,2020,33083010005P2,COMPUTAÇÃO APLICADA,CIÊNCIA DA COMPUTAÇÃO,IPT,INSTITUTO DE PESQUISAS TECNOLÓGICAS DO ESTADO DE SÃO PAULO,,ESTADUAL,SP,SUDESTE,2020,PROFISSIONAL,NÃO,A,MESTRADO PROFISSIONAL,2020,,NÃO,,,,,,11,1,0,12,91.7,1,4,2,0,0,2,2,6,2,12,1,13,0,0,0,0,0,,,,https://sapiens.ipt.br/index.html,199460,131695,AVALIAÇÃO
217,2017,33144010008P1,CIÊNCIA DA COMPUTAÇÃO,CIÊNCIA DA COMPUTAÇÃO,UFABC,UNIVERSIDADE FEDERAL DO ABC,,FEDERAL,SP,SUDESTE,2011,ACADÊMICO,NÃO,4,MESTRADO/DOUTORADO,2011/2015,,NÃO,,,,,,34,9,0,43,79.1,1,3,4,3,16,23,23,20,0,37,7,44,15,0,6,0,0,,,,http://poscomp.ufabc.edu.br/,165787,99834,AVALIAÇÃO
218,2018,33144010008P1,CIÊNCIA DA COMPUTAÇÃO,CIÊNCIA DA COMPUTAÇÃO,UFABC,UNIVERSIDADE FEDERAL DO ABC,,FEDERAL,SP,SUDESTE,2011,ACADÊMICO,NÃO,4,MESTRADO/DOUTORADO,2011/2015,,NÃO,,,,,,45,8,0,53,84.9,1,3,2,2,16,20,20,40,0,60,9,69,7,0,4,0,0,,,,http://poscomp.ufabc.edu.br/,165791,99838,AVALIAÇÃO
219,2019,33144010008P1,CIÊNCIA DA COMPUTAÇÃO,CIÊNCIA DA COMPUTAÇÃO,UFABC,UNIVERSIDADE FEDERAL DO ABC,,FEDERAL,SP,SUDESTE,2011,ACADÊMICO,NÃO,4,MESTRADO/DOUTORADO,2011/2015,,NÃO,,,,,,40,8,0,48,83.3,1,3,0,3,23,26,26,43,1,61,6,67,14,2,4,2,0,,,,http://poscomp.ufabc.edu.br/,165761,99812,AVALIAÇÃO
220,2020,33144010008P1,CIÊNCIA DA COMPUTAÇÃO,CIÊNCIA DA COMPUTAÇÃO,UFABC,UNIVERSIDADE FEDERAL DO ABC,,FEDERAL,SP,SUDESTE,2011,ACADÊMICO,NÃO,4,MESTRADO/DOUTORADO,2011/2015,,NÃO,,,,,,27,12,0,39,69.2,1,3,0,2,17,19,19,32,3,47,17,64,19,6,3,2,0,,,,http://poscomp.ufabc.edu.br/,199094,131338,AVALIAÇÃO
221,2017,33149011002P1,CIÊNCIA DA COMPUTAÇÃO,CIÊNCIA DA COMPUTAÇÃO,UNIFACCAMP,CENTRO UNIVERSITÁRIO CAMPO LIMPO PAULISTA,,PARTICULAR,SP,SUDESTE,2012,ACADÊMICO,NÃO,3,MESTRADO,2012,,NÃO,,,,,,11,0,0,11,100.0,1,2,12,0,0,12,12,8,9,30,1,31,10,0,2,0,0,,,,http://cc.faccamp.br/,175846,108886,AVALIAÇÃO
222,2018,33149011002P1,CIÊNCIA DA COMPUTAÇÃO,CIÊNCIA DA COMPUTAÇÃO,UNIFACCAMP,CENTRO UNIVERSITÁRIO CAMPO LIMPO PAULISTA,,PARTICULAR,SP,SUDESTE,2012,ACADÊMICO,NÃO,3,MESTRADO,2012,,NÃO,,,,,,11,0,0,11,100.0,1,2,11,0,0,11,11,6,3,26,5,32,12,0,4,0,0,,,,http://cc.faccamp.br/,176618,109349,AVALIAÇÃO
223,2019,33149011002P1,CIÊNCIA DA COMPUTAÇÃO,CIÊNCIA DA COMPUTAÇÃO,UNIFACCAMP,CENTRO UNIVERSITÁRIO CAMPO LIMPO PAULISTA,,PARTICULAR,SP,SUDESTE,2012,ACADÊMICO,NÃO,3,MESTRADO,2012,,NÃO,,,,,,10,0,0,10,100.0,1,2,12,0,0,12,12,6,0,27,1,28,9,0,2,0,0,,,,http://cc.faccamp.br/,176045,109017,AVALIAÇÃO
224,2020,33149011002P1,CIÊNCIA DA COMPUTAÇÃO,CIÊNCIA DA COMPUTAÇÃO,UNIFACCAMP,CENTRO UNIVERSITÁRIO CAMPO LIMPO PAULISTA,,PARTICULAR,SP,SUDESTE,2012,ACADÊMICO,NÃO,3,MESTRADO,2012,,NÃO,,,,,,10,0,0,10,100.0,1,2,9,0,0,9,9,7,2,25,5,30,8,0,2,0,0,,,,http://cc.faccamp.br/,196973,129451,AVALIAÇÃO
225,2017,40001016034P5,INFORMÁTICA,CIÊNCIA DA COMPUTAÇÃO,UFPR,UNIVERSIDADE FEDERAL DO PARANÁ,,FEDERAL,PR,SUL,1996,ACADÊMICO,NÃO,5,MESTRADO/DOUTORADO,1996/2009,SIM,NÃO,,,,,,24,11,0,35,68.6,1,3,1,1,18,20,20,47,18,71,13,86,26,13,15,6,0,,,,http://www.inf.ufpr.br/pos,168642,102529,AVALIAÇÃO
226,2018,40001016034P5,INFORMÁTICA,CIÊNCIA DA COMPUTAÇÃO,UFPR,UNIVERSIDADE FEDERAL DO PARANÁ,,FEDERAL,PR,SUL,1996,ACADÊMICO,NÃO,5,MESTRADO/DOUTORADO,1996/2009,SIM,NÃO,,,,,,30,7,0,37,81.1,1,3,1,2,25,26,28,47,19,79,11,91,31,11,14,7,0,,,,http://www.inf.ufpr.br/pos,168653,102540,AVALIAÇÃO
227,2019,40001016034P5,INFORMÁTICA,CIÊNCIA DA COMPUTAÇÃO,UFPR,UNIVERSIDADE FEDERAL DO PARANÁ,,FEDERAL,PR,SUL,1996,ACADÊMICO,NÃO,5,MESTRADO/DOUTORADO,1996/2009,SIM,NÃO,,,,,,31,6,0,37,83.8,1,3,3,2,22,26,27,48,15,80,10,90,33,12,11,3,0,,,,http://www.inf.ufpr.br/pos,168687,102569,AVALIAÇÃO
228,2020,40001016034P5,INFORMÁTICA,CIÊNCIA DA COMPUTAÇÃO,UFPR,UNIVERSIDADE FEDERAL DO PARANÁ,,FEDERAL,PR,SUL,1996,ACADÊMICO,NÃO,5,MESTRADO/DOUTORADO,1996/2009,SIM,NÃO,,,,,,35,5,0,40,87.5,1,3,2,3,28,33,33,50,12,83,8,91,31,16,16,0,0,,,,http://www.inf.ufpr.br/pos,203376,134900,AVALIAÇÃO
229,2017,40002012033P5,CIÊNCIA DA COMPUTAÇÃO,CIÊNCIA DA COMPUTAÇÃO,UEL,UNIVERSIDADE ESTADUAL DE LONDRINA,,ESTADUAL,PR,SUL,2008,ACADÊMICO,NÃO,3,MESTRADO,2008,,NÃO,,,,,,10,4,0,14,71.4,3,15,23,0,0,20,23,2,6,17,6,23,12,0,5,0,0,,,,http://www.uel.br/pos/redes/index.php/mcc,170667,104429,AVALIAÇÃO
230,2018,40002012033P5,CIÊNCIA DA COMPUTAÇÃO,CIÊNCIA DA COMPUTAÇÃO,UEL,UNIVERSIDADE ESTADUAL DE LONDRINA,,ESTADUAL,PR,SUL,2008,ACADÊMICO,NÃO,3,MESTRADO,2008,,NÃO,,,,,,10,4,0,14,71.4,4,15,14,0,0,12,14,2,4,12,9,21,11,0,7,0,0,,,,http://www.uel.br/pos/redes/index.php/mcc,170651,104411,AVALIAÇÃO
231,2019,40002012033P5,CIÊNCIA DA COMPUTAÇÃO,CIÊNCIA DA COMPUTAÇÃO,UEL,UNIVERSIDADE ESTADUAL DE LONDRINA,,ESTADUAL,PR,SUL,2008,ACADÊMICO,NÃO,3,MESTRADO,2008,,NÃO,,,,,,10,4,0,14,71.4,4,12,31,0,0,27,31,2,2,10,3,13,16,0,11,0,0,,,,http://www.uel.br/pos/redes/index.php/mcc,170652,104412,AVALIAÇÃO
232,2020,40002012033P5,CIÊNCIA DA COMPUTAÇÃO,CIÊNCIA DA COMPUTAÇÃO,UEL,UNIVERSIDADE ESTADUAL DE LONDRINA,,ESTADUAL,PR,SUL,2008,ACADÊMICO,NÃO,3,MESTRADO,2008,,NÃO,,,,,,10,4,0,14,71.4,4,11,23,0,0,19,23,3,6,12,8,20,7,0,5,0,0,,,,http://www.uel.br/pos/redes/index.php/mcc,200418,132513,AVALIAÇÃO
233,2017,40003019004P1,INFORMÁTICA,SISTEMA DE COMPUTAÇÃO,PUC/PR,PONTIFÍCIA UNIVERSIDADE CATÓLICA DO PARANÁ,,PARTICULAR,PR,SUL,1996,ACADÊMICO,NÃO,5,MESTRADO/DOUTORADO,1996/2006,,NÃO,,,,,,13,0,0,13,100.0,1,6,0,0,20,20,20,32,44,58,20,78,7,9,4,6,0,,,,http://www.ppgia.pucpr.br,170606,104351,AVALIAÇÃO
234,2018,40003019004P1,INFORMÁTICA,SISTEMA DE COMPUTAÇÃO,PUC/PR,PONTIFÍCIA UNIVERSIDADE CATÓLICA DO PARANÁ,,PARTICULAR,PR,SUL,1996,ACADÊMICO,NÃO,5,MESTRADO/DOUTORADO,1996/2006,,NÃO,,,,,,13,0,0,13,100.0,1,6,0,0,18,18,18,36,41,56,19,75,7,14,4,0,1,,,,http://www.ppgia.pucpr.br,170608,104353,AVALIAÇÃO
235,2019,40003019004P1,INFORMÁTICA,SISTEMA DE COMPUTAÇÃO,PUC/PR,PONTIFÍCIA UNIVERSIDADE CATÓLICA DO PARANÁ,,PARTICULAR,PR,SUL,1996,ACADÊMICO,NÃO,5,MESTRADO/DOUTORADO,1996/2006,,NÃO,,,,,,14,0,0,14,100.0,1,6,0,0,17,17,17,39,43,70,7,77,10,7,7,2,0,,,,http://www.ppgia.pucpr.br,170611,104356,AVALIAÇÃO
236,2020,40003019004P1,INFORMÁTICA,SISTEMA DE COMPUTAÇÃO,PUC/PR,PONTIFÍCIA UNIVERSIDADE CATÓLICA DO PARANÁ,,PARTICULAR,PR,SUL,1996,ACADÊMICO,NÃO,5,MESTRADO/DOUTORADO,1996/2006,,NÃO,,,,,,14,0,0,14,100.0,1,8,0,0,18,18,18,36,40,64,11,75,13,7,4,4,0,,,,http://www.ppgia.pucpr.br,203282,134808,AVALIAÇÃO
237,2017,40004015019P5,CIÊNCIA DA COMPUTAÇÃO,CIÊNCIA DA COMPUTAÇÃO,UEM,UNIVERSIDADE ESTADUAL DE MARINGÁ,,ESTADUAL,PR,SUL,2002,ACADÊMICO,NÃO,4,MESTRADO,2002,,NÃO,,,,,,13,3,0,16,81.3,1,3,51,0,0,47,51,10,19,22,8,30,10,0,4,0,0,,,,http://www.din.uem.br/mestrado,166943,100894,AVALIAÇÃO
238,2018,40004015019P5,CIÊNCIA DA COMPUTAÇÃO,CIÊNCIA DA COMPUTAÇÃO,UEM,UNIVERSIDADE ESTADUAL DE MARINGÁ,,ESTADUAL,PR,SUL,2002,ACADÊMICO,NÃO,4,MESTRADO,2002,,NÃO,,,,,,14,3,0,17,82.4,1,3,60,0,0,59,60,10,21,23,8,31,11,0,3,0,0,,,,http://www.din.uem.br/mestrado,166992,100943,AVALIAÇÃO
239,2019,40004015019P5,CIÊNCIA DA COMPUTAÇÃO,CIÊNCIA DA COMPUTAÇÃO,UEM,UNIVERSIDADE ESTADUAL DE MARINGÁ,,ESTADUAL,PR,SUL,2002,ACADÊMICO,NÃO,4,MESTRADO,2002,,NÃO,,,,,,15,3,0,18,83.3,1,3,46,0,0,42,46,11,21,25,11,36,16,0,6,0,0,,,,http://www.din.uem.br/mestrado,167450,101338,AVALIAÇÃO
240,2020,40004015019P5,CIÊNCIA DA COMPUTAÇÃO,CIÊNCIA DA COMPUTAÇÃO,UEM,UNIVERSIDADE ESTADUAL DE MARINGÁ,,ESTADUAL,PR,SUL,2002,ACADÊMICO,NÃO,4,MESTRADO,2002,,NÃO,,,,,,15,3,0,18,83.3,1,4,30,0,0,28,30,7,14,18,9,28,12,0,6,0,0,,,,http://www.din.uem.br/mestrado,198608,130959,AVALIAÇÃO
241,2017,40006018011P7,COMPUTAÇÃO APLICADA,CIÊNCIA DA COMPUTAÇÃO,UTFPR,UNIVERSIDADE TECNOLÓGICA FEDERAL DO PARANÁ,,FEDERAL,PR,SUL,2010,PROFISSIONAL,NÃO,3,MESTRADO PROFISSIONAL,2010,,NÃO,,,,,,23,12,0,35,65.7,1,6,29,0,0,25,29,23,11,50,6,56,11,0,0,0,0,,,,http://www.ppgca.ct.utfpr.edu.br,168224,102130,AVALIAÇÃO
242,2018,40006018011P7,COMPUTAÇÃO APLICADA,CIÊNCIA DA COMPUTAÇÃO,UTFPR,UNIVERSIDADE TECNOLÓGICA FEDERAL DO PARANÁ,,FEDERAL,PR,SUL,2010,PROFISSIONAL,NÃO,3,MESTRADO PROFISSIONAL,2010,,NÃO,,,,,,27,7,0,34,79.4,1,6,31,0,0,29,31,21,10,58,3,62,9,0,2,0,0,,,,http://www.ppgca.ct.utfpr.edu.br,168375,102299,AVALIAÇÃO
243,2019,40006018011P7,COMPUTAÇÃO APLICADA,CIÊNCIA DA COMPUTAÇÃO,UTFPR,UNIVERSIDADE TECNOLÓGICA FEDERAL DO PARANÁ,,FEDERAL,PR,SUL,2010,PROFISSIONAL,NÃO,3,MESTRADO PROFISSIONAL,2010,,NÃO,,,,,,25,5,0,30,83.3,1,6,27,0,0,25,27,16,8,60,4,64,11,0,1,0,0,,,,http://www.ppgca.ct.utfpr.edu.br,168506,102410,AVALIAÇÃO
244,2020,40006018011P7,COMPUTAÇÃO APLICADA,CIÊNCIA DA COMPUTAÇÃO,UTFPR,UNIVERSIDADE TECNOLÓGICA FEDERAL DO PARANÁ,,FEDERAL,PR,SUL,2010,PROFISSIONAL,NÃO,3,MESTRADO PROFISSIONAL,2010,,NÃO,,,,,,22,3,2,27,81.5,1,6,24,0,0,24,24,10,5,46,7,53,7,0,0,0,0,,,,http://www.ppgca.ct.utfpr.edu.br,204688,136024,AVALIAÇÃO
245,2017,40006018025P8,INFORMÁTICA,CIÊNCIA DA COMPUTAÇÃO,UTFPR,UNIVERSIDADE TECNOLÓGICA FEDERAL DO PARANÁ,,FEDERAL,PR,SUL,2013,PROFISSIONAL,NÃO,3,MESTRADO PROFISSIONAL,2013,,NÃO,,,,,,14,2,0,16,87.5,1,2,11,0,0,11,11,8,16,33,12,45,12,0,0,0,0,,,,http://www.utfpr.edu.br/cornelioprocopio/cursos/mestrados-doutorados/Ofertados-neste-Campus/ppgi/,128193,65279,AVALIAÇÃO
246,2018,40006018025P8,INFORMÁTICA,CIÊNCIA DA COMPUTAÇÃO,UTFPR,UNIVERSIDADE TECNOLÓGICA FEDERAL DO PARANÁ,,FEDERAL,PR,SUL,2013,PROFISSIONAL,NÃO,3,MESTRADO PROFISSIONAL,2013,,NÃO,,,,,,14,1,0,15,93.3,1,2,11,0,0,11,11,7,16,32,2,34,15,0,0,0,0,,,,http://www.utfpr.edu.br/cornelioprocopio/cursos/mestrados-doutorados/Ofertados-neste-Campus/ppgi/,136783,72731,AVALIAÇÃO
247,2019,40006018025P8,INFORMÁTICA,CIÊNCIA DA COMPUTAÇÃO,UTFPR,UNIVERSIDADE TECNOLÓGICA FEDERAL DO PARANÁ,,FEDERAL,PR,SUL,2013,PROFISSIONAL,NÃO,3,MESTRADO PROFISSIONAL,2013,,NÃO,,,,,,16,4,0,20,80.0,1,2,10,0,0,10,10,7,8,15,7,22,15,0,0,0,0,,,,http://www.utfpr.edu.br/cornelioprocopio/cursos/mestrados-doutorados/Ofertados-neste-Campus/ppgi/,156470,91854,AVALIAÇÃO
248,2020,40006018025P8,INFORMÁTICA,CIÊNCIA DA COMPUTAÇÃO,UTFPR,UNIVERSIDADE TECNOLÓGICA FEDERAL DO PARANÁ,,FEDERAL,PR,SUL,2013,PROFISSIONAL,NÃO,3,MESTRADO PROFISSIONAL,2013,,NÃO,,,,,,16,4,0,20,80.0,1,2,11,0,0,8,11,7,4,14,1,15,10,0,0,0,0,,,,http://www.utfpr.edu.br/cornelioprocopio/cursos/mestrados-doutorados/Ofertados-neste-Campus/ppgi/,197593,130001,AVALIAÇÃO
249,2017,40006018171P4,CIÊNCIA DA COMPUTAÇÃO,CIÊNCIA DA COMPUTAÇÃO,UTFPR,UNIVERSIDADE TECNOLÓGICA FEDERAL DO PARANÁ,,FEDERAL,PR,SUL,2016,ACADÊMICO,NÃO,3,MESTRADO,2016,,NÃO,,,,,,12,0,0,12,100.0,1,3,15,0,0,15,15,9,7,14,0,14,0,0,0,0,0,,,,http://www.utfpr.edu.br,129242,66090,AVALIAÇÃO
250,2018,40006018171P4,CIÊNCIA DA COMPUTAÇÃO,CIÊNCIA DA COMPUTAÇÃO,UTFPR,UNIVERSIDADE TECNOLÓGICA FEDERAL DO PARANÁ,,FEDERAL,PR,SUL,2016,ACADÊMICO,NÃO,3,MESTRADO,2016,,NÃO,,,,,,12,0,0,12,100.0,1,3,14,0,0,14,14,4,15,20,2,24,9,0,6,0,0,,,,http://www.utfpr.edu.br,141512,76754,AVALIAÇÃO
251,2019,40006018171P4,CIÊNCIA DA COMPUTAÇÃO,CIÊNCIA DA COMPUTAÇÃO,UTFPR,UNIVERSIDADE TECNOLÓGICA FEDERAL DO PARANÁ,,FEDERAL,PR,SUL,2016,ACADÊMICO,NÃO,3,MESTRADO,2016,,NÃO,,,,,,14,2,0,16,87.5,1,3,16,0,0,15,16,3,11,22,0,22,9,0,2,0,0,,,,http://www.utfpr.edu.br,173536,107056,AVALIAÇÃO
252,2020,40006018171P4,CIÊNCIA DA COMPUTAÇÃO,CIÊNCIA DA COMPUTAÇÃO,UTFPR,UNIVERSIDADE TECNOLÓGICA FEDERAL DO PARANÁ,,FEDERAL,PR,SUL,2016,ACADÊMICO,NÃO,3,MESTRADO,2016,,NÃO,,,,,,12,2,0,14,85.7,1,3,17,0,0,17,17,2,8,24,3,27,6,0,3,0,0,,,,http://www.utfpr.edu.br,199907,132076,AVALIAÇÃO
253,2019,40015017173P2,CIÊNCIA DA COMPUTAÇÃO,CIÊNCIA DA COMPUTAÇÃO,UNIOESTE,UNIVERSIDADE ESTADUAL DO OESTE DO PARANA,,ESTADUAL,PR,SUL,2019,ACADÊMICO,NÃO,A,MESTRADO,2019,,NÃO,,,,,,11,3,0,14,78.6,1,3,5,0,0,4,5,2,14,16,0,16,0,0,0,0,0,,,,https://www.unioeste.br/pos/ppgcomp,166838,100831,AVALIAÇÃO
254,2020,40015017173P2,CIÊNCIA DA COMPUTAÇÃO,CIÊNCIA DA COMPUTAÇÃO,UNIOESTE,UNIVERSIDADE ESTADUAL DO OESTE DO PARANA,,ESTADUAL,PR,SUL,2019,ACADÊMICO,NÃO,A,MESTRADO,2019,,NÃO,,,,,,11,3,0,14,78.6,1,3,12,0,0,11,12,2,15,16,1,17,0,0,0,0,0,,,,https://www.unioeste.br/pos/ppgcomp,198285,130647,AVALIAÇÃO
255,2017,41001010025P2,CIÊNCIAS DA COMPUTAÇÃO,CIÊNCIA DA COMPUTAÇÃO,UFSC,UNIVERSIDADE FEDERAL DE SANTA CATARINA,,FEDERAL,SC,SUL,1992,ACADÊMICO,NÃO,5,MESTRADO/DOUTORADO,1992/2012,,NÃO,,,,,,27,3,0,30,90.0,2,8,0,0,21,17,21,20,6,26,17,43,21,9,11,3,0,,,,http://www.ppgcc.ufsc.br/,164760,98877,AVALIAÇÃO
256,2018,41001010025P2,CIÊNCIAS DA COMPUTAÇÃO,CIÊNCIA DA COMPUTAÇÃO,UFSC,UNIVERSIDADE FEDERAL DE SANTA CATARINA,,FEDERAL,SC,SUL,1992,ACADÊMICO,NÃO,5,MESTRADO/DOUTORADO,1992/2012,,NÃO,,,,,,29,1,0,30,96.7,2,8,0,0,28,25,28,28,12,34,25,59,14,4,5,0,1,,,,http://www.ppgcc.ufsc.br/,164779,98904,AVALIAÇÃO
257,2019,41001010025P2,CIÊNCIAS DA COMPUTAÇÃO,CIÊNCIA DA COMPUTAÇÃO,UFSC,UNIVERSIDADE FEDERAL DE SANTA CATARINA,,FEDERAL,SC,SUL,1992,ACADÊMICO,NÃO,5,MESTRADO/DOUTORADO,1992/2012,,NÃO,,,,,,23,7,0,30,76.7,2,8,0,0,22,18,22,24,11,29,14,43,29,9,15,5,0,,,,http://www.ppgcc.ufsc.br/,164942,99055,AVALIAÇÃO
258,2020,41001010025P2,CIÊNCIAS DA COMPUTAÇÃO,CIÊNCIA DA COMPUTAÇÃO,UFSC,UNIVERSIDADE FEDERAL DE SANTA CATARINA,,FEDERAL,SC,SUL,1992,ACADÊMICO,NÃO,5,MESTRADO/DOUTORADO,1992/2012,,NÃO,,,,,,23,5,0,28,82.1,1,8,0,0,24,24,24,28,13,34,10,44,13,9,10,1,1,,,,http://www.ppgcc.ufsc.br/,196334,128807,AVALIAÇÃO
259,2017,41002016023P2,COMPUTAÇÃO APLICADA,CIÊNCIA DA COMPUTAÇÃO,UDESC,UNIVERSIDADE DO ESTADO DE SANTA CATARINA,,ESTADUAL,SC,SUL,2012,ACADÊMICO,NÃO,3,MESTRADO,2012,,NÃO,,,,,,14,1,0,15,93.3,1,3,51,0,0,51,51,5,21,39,10,49,11,0,8,0,0,,,,http://www.cct.udesc.br/?id=289,162465,96642,AVALIAÇÃO
260,2018,41002016023P2,COMPUTAÇÃO APLICADA,CIÊNCIA DA COMPUTAÇÃO,UDESC,UNIVERSIDADE DO ESTADO DE SANTA CATARINA,,ESTADUAL,SC,SUL,2012,ACADÊMICO,NÃO,3,MESTRADO,2012,,NÃO,,,,,,15,1,0,16,93.8,1,3,23,0,0,23,23,4,21,52,7,59,16,0,5,0,0,,,,http://www.cct.udesc.br/?id=289,162704,96884,AVALIAÇÃO
261,2019,41002016023P2,COMPUTAÇÃO APLICADA,CIÊNCIA DA COMPUTAÇÃO,UDESC,UNIVERSIDADE DO ESTADO DE SANTA CATARINA,,ESTADUAL,SC,SUL,2012,ACADÊMICO,NÃO,3,MESTRADO,2012,,NÃO,,,,,,15,1,0,16,93.8,1,3,20,0,0,20,20,4,20,53,8,61,19,0,6,0,0,,,,http://www.cct.udesc.br/?id=289,162705,96885,AVALIAÇÃO
262,2020,41002016023P2,COMPUTAÇÃO APLICADA,CIÊNCIA DA COMPUTAÇÃO,UDESC,UNIVERSIDADE DO ESTADO DE SANTA CATARINA,,ESTADUAL,SC,SUL,2012,ACADÊMICO,NÃO,3,MESTRADO,2012,,NÃO,,,,,,11,4,0,15,73.3,1,4,16,0,0,16,16,5,18,40,14,54,9,0,4,0,0,,,,http://www.cct.udesc.br/?id=289,204997,136257,AVALIAÇÃO
263,2017,41005015010P7,COMPUTAÇÃO,CIÊNCIA DA COMPUTAÇÃO,UNIVALI,UNIVERSIDADE DO VALE DO ITAJAÍ,,PARTICULAR,SC,SUL,2007,ACADÊMICO,NÃO,3,MESTRADO,2007,,NÃO,,,,,,12,0,0,12,100.0,1,4,20,0,0,20,20,10,5,15,12,28,9,0,8,0,0,,,,http://www.univali.br/mca,175252,108391,AVALIAÇÃO
264,2018,41005015010P7,COMPUTAÇÃO,CIÊNCIA DA COMPUTAÇÃO,UNIVALI,UNIVERSIDADE DO VALE DO ITAJAÍ,,PARTICULAR,SC,SUL,2007,ACADÊMICO,NÃO,3,MESTRADO,2007,,NÃO,,,,,,14,0,0,14,100.0,1,4,11,0,0,11,11,13,6,17,10,28,7,0,4,0,0,,,,http://www.univali.br/mca,175264,108378,AVALIAÇÃO
265,2019,41005015010P7,COMPUTAÇÃO,CIÊNCIA DA COMPUTAÇÃO,UNIVALI,UNIVERSIDADE DO VALE DO ITAJAÍ,,PARTICULAR,SC,SUL,2007,ACADÊMICO,NÃO,3,MESTRADO,2007,,NÃO,,,,,,13,0,0,13,100.0,1,4,10,0,0,10,10,15,7,18,8,27,10,0,7,0,0,,,,http://www.univali.br/mca,175284,108403,AVALIAÇÃO
266,2020,41005015010P7,COMPUTAÇÃO,CIÊNCIA DA COMPUTAÇÃO,UNIVALI,UNIVERSIDADE DO VALE DO ITAJAÍ,,PARTICULAR,SC,SUL,2007,ACADÊMICO,NÃO,3,MESTRADO,2007,,NÃO,,,,,,13,1,0,14,92.9,1,5,11,0,0,11,11,17,6,22,4,26,9,0,5,0,0,,,,http://www.univali.br/mca,202549,134210,AVALIAÇÃO
267,2017,42001013004P4,COMPUTAÇÃO,CIÊNCIA DA COMPUTAÇÃO,UFRGS,UNIVERSIDADE FEDERAL DO RIO GRANDE DO SUL,,FEDERAL,RS,SUL,1973,ACADÊMICO,NÃO,7,MESTRADO/DOUTORADO,1973/1988,,NÃO,,,,,,55,5,0,60,91.7,9,20,0,1,43,42,44,37,66,100,20,120,41,28,18,9,0,PRÊMIO CAPES DE TESE,,EDUARDO HENRIQUE MOLINA DA CRUZ,http://ppgc.inf.ufrgs.br/,166608,100627,AVALIAÇÃO
268,2018,42001013004P4,COMPUTAÇÃO,CIÊNCIA DA COMPUTAÇÃO,UFRGS,UNIVERSIDADE FEDERAL DO RIO GRANDE DO SUL,,FEDERAL,RS,SUL,1973,ACADÊMICO,NÃO,7,MESTRADO/DOUTORADO,1973/1988,,NÃO,,,,,,54,4,0,58,93.1,9,20,0,2,45,44,47,37,61,95,24,119,43,23,17,11,0,,,,http://ppgc.inf.ufrgs.br/,166653,100671,AVALIAÇÃO
269,2019,42001013004P4,COMPUTAÇÃO,CIÊNCIA DA COMPUTAÇÃO,UFRGS,UNIVERSIDADE FEDERAL DO RIO GRANDE DO SUL,,FEDERAL,RS,SUL,1973,ACADÊMICO,NÃO,7,MESTRADO/DOUTORADO,1973/1988,,NÃO,,,,,,54,3,0,57,94.7,12,26,0,3,51,51,54,41,57,94,18,113,41,20,19,9,0,,,,http://ppgc.inf.ufrgs.br/,166661,100676,AVALIAÇÃO
270,2020,42001013004P4,COMPUTAÇÃO,CIÊNCIA DA COMPUTAÇÃO,UFRGS,UNIVERSIDADE FEDERAL DO RIO GRANDE DO SUL,,FEDERAL,RS,SUL,1973,ACADÊMICO,NÃO,7,MESTRADO/DOUTORADO,1973/1988,,NÃO,,,,,,54,5,0,59,91.5,9,21,0,0,49,48,49,59,46,84,34,119,36,14,15,4,0,,,,http://ppgc.inf.ufrgs.br/,197496,129924,AVALIAÇÃO
271,2017,42002010036P3,CIÊNCIA DA COMPUTAÇÃO,CIÊNCIA DA COMPUTAÇÃO,UFSM,UNIVERSIDADE FEDERAL DE SANTA MARIA,,FEDERAL,RS,SUL,2007,ACADÊMICO,NÃO,3,MESTRADO,2007,,NÃO,,,,,,35,1,0,36,97.2,1,4,131,0,0,131,131,18,10,60,7,67,21,0,12,0,0,,,,http://www.ufsm.br/ppgi,169953,103735,AVALIAÇÃO
272,2018,42002010036P3,CIÊNCIA DA COMPUTAÇÃO,CIÊNCIA DA COMPUTAÇÃO,UFSM,UNIVERSIDADE FEDERAL DE SANTA MARIA,,FEDERAL,RS,SUL,2007,ACADÊMICO,NÃO,3,MESTRADO,2007,,NÃO,,,,,,35,1,0,36,97.2,1,4,129,0,0,129,129,17,18,52,13,65,34,0,16,0,0,,,,http://www.ufsm.br/ppgi,173384,106935,AVALIAÇÃO
273,2019,42002010036P3,CIÊNCIA DA COMPUTAÇÃO,CIÊNCIA DA COMPUTAÇÃO,UFSM,UNIVERSIDADE FEDERAL DE SANTA MARIA,,FEDERAL,RS,SUL,2007,ACADÊMICO,NÃO,3,MESTRADO,2007,,NÃO,,,,,,28,0,0,28,100.0,1,4,94,0,0,94,94,17,14,52,0,52,26,0,7,0,0,,,,http://www.ufsm.br/ppgi,173795,107234,AVALIAÇÃO
274,2020,42002010036P3,CIÊNCIA DA COMPUTAÇÃO,CIÊNCIA DA COMPUTAÇÃO,UFSM,UNIVERSIDADE FEDERAL DE SANTA MARIA,,FEDERAL,RS,SUL,2007,ACADÊMICO,NÃO,3,MESTRADO,2007,,NÃO,,,,,,25,0,0,25,100.0,1,4,51,0,0,51,51,16,10,45,1,46,28,0,12,0,0,,,,http://www.ufsm.br/ppgi,202920,134500,AVALIAÇÃO
275,2017,42003016038P9,COMPUTAÇÃO,CIÊNCIA DA COMPUTAÇÃO,UFPEL,UNIVERSIDADE FEDERAL DE PELOTAS,,FEDERAL,RS,SUL,2011,ACADÊMICO,NÃO,4,MESTRADO/DOUTORADO,2011/2015,SIM,NÃO,,,,,,22,4,0,26,84.6,1,4,0,0,20,20,20,13,4,39,12,51,16,0,6,0,0,,,,http://inf.ufpel.edu.br,133220,69578,AVALIAÇÃO
276,2018,42003016038P9,COMPUTAÇÃO,CIÊNCIA DA COMPUTAÇÃO,UFPEL,UNIVERSIDADE FEDERAL DE PELOTAS,,FEDERAL,RS,SUL,2011,ACADÊMICO,NÃO,4,MESTRADO/DOUTORADO,2011/2015,SIM,NÃO,,,,,,22,5,0,27,81.5,1,5,1,0,22,22,23,11,5,40,2,42,13,0,6,0,0,,,,http://inf.ufpel.edu.br,141100,76373,AVALIAÇÃO
277,2019,42003016038P9,COMPUTAÇÃO,CIÊNCIA DA COMPUTAÇÃO,UFPEL,UNIVERSIDADE FEDERAL DE PELOTAS,,FEDERAL,RS,SUL,2011,ACADÊMICO,NÃO,4,MESTRADO/DOUTORADO,2011/2015,SIM,NÃO,,,,,,16,10,0,26,61.5,1,5,0,2,22,20,24,9,4,39,9,48,8,7,5,1,1,,,,http://inf.ufpel.edu.br,142656,78104,AVALIAÇÃO
278,2020,42003016038P9,COMPUTAÇÃO,CIÊNCIA DA COMPUTAÇÃO,UFPEL,UNIVERSIDADE FEDERAL DE PELOTAS,,FEDERAL,RS,SUL,2011,ACADÊMICO,NÃO,4,MESTRADO/DOUTORADO,2011/2015,SIM,NÃO,,,,,,18,7,0,25,72.0,1,5,0,3,13,14,16,9,2,36,1,37,17,15,8,0,0,,,,http://inf.ufpel.edu.br,197687,130107,AVALIAÇÃO
279,2017,42004012022P1,COMPUTAÇÃO,CIÊNCIA DA COMPUTAÇÃO,FURG,UNIVERSIDADE FEDERAL DO RIO GRANDE,,FEDERAL,RS,SUL,2012,ACADÊMICO,NÃO,3,MESTRADO,2012,,NÃO,,,,,,24,1,0,25,96.0,1,6,30,0,0,29,30,28,7,49,7,56,22,0,10,0,0,,,,http://ppgcomp.c3.furg.br,164287,98163,AVALIAÇÃO
280,2018,42004012022P1,COMPUTAÇÃO,CIÊNCIA DA COMPUTAÇÃO,FURG,UNIVERSIDADE FEDERAL DO RIO GRANDE,,FEDERAL,RS,SUL,2012,ACADÊMICO,NÃO,3,MESTRADO,2012,,NÃO,,,,,,25,1,0,26,96.2,1,6,43,0,0,43,43,30,5,45,13,59,27,0,12,0,0,,,,http://ppgcomp.c3.furg.br,167262,101173,AVALIAÇÃO
281,2019,42004012022P1,COMPUTAÇÃO,CIÊNCIA DA COMPUTAÇÃO,FURG,UNIVERSIDADE FEDERAL DO RIO GRANDE,,FEDERAL,RS,SUL,2012,ACADÊMICO,NÃO,3,MESTRADO,2012,,NÃO,,,,,,15,1,0,16,93.8,1,6,18,0,0,13,18,34,4,48,6,54,20,0,11,0,0,,,,http://ppgcomp.c3.furg.br,170926,104661,AVALIAÇÃO
282,2020,42004012022P1,COMPUTAÇÃO,CIÊNCIA DA COMPUTAÇÃO,FURG,UNIVERSIDADE FEDERAL DO RIO GRANDE,,FEDERAL,RS,SUL,2012,ACADÊMICO,NÃO,3,MESTRADO,2012,,NÃO,,,,,,15,0,0,15,100.0,1,6,17,0,0,11,17,33,2,44,19,64,15,0,5,0,0,,,,http://ppgcomp.c3.furg.br,205303,136683,AVALIAÇÃO
283,2017,42005019016P8,CIÊNCIA DA COMPUTAÇÃO,CIÊNCIA DA COMPUTAÇÃO,PUC/RS,PONTIFÍCIA UNIVERSIDADE CATÓLICA DO RIO GRANDE DO SUL,,PARTICULAR,RS,SUL,1994,ACADÊMICO,NÃO,6,MESTRADO/DOUTORADO,1994/2004,,NÃO,,,,,,23,1,0,24,95.8,1,6,0,0,38,38,38,35,7,113,23,141,25,19,24,15,0,,,,http://www.pucrs.br/politecnica/programa-de-pos-graduacao-em-ciencia-da-computacao/,168674,102561,AVALIAÇÃO
284,2018,42005019016P8,CIÊNCIA DA COMPUTAÇÃO,CIÊNCIA DA COMPUTAÇÃO,PUC/RS,PONTIFÍCIA UNIVERSIDADE CATÓLICA DO RIO GRANDE DO SUL,,PARTICULAR,RS,SUL,1994,ACADÊMICO,NÃO,6,MESTRADO/DOUTORADO,1994/2004,,NÃO,,,,,,23,1,0,24,95.8,1,6,0,1,39,38,40,45,15,133,24,157,28,14,27,2,0,,,,http://www.pucrs.br/politecnica/programa-de-pos-graduacao-em-ciencia-da-computacao/,168733,102611,AVALIAÇÃO
285,2019,42005019016P8,CIÊNCIA DA COMPUTAÇÃO,CIÊNCIA DA COMPUTAÇÃO,PUC/RS,PONTIFÍCIA UNIVERSIDADE CATÓLICA DO RIO GRANDE DO SUL,,PARTICULAR,RS,SUL,1994,ACADÊMICO,NÃO,6,MESTRADO/DOUTORADO,1994/2004,,NÃO,,,,,,23,1,0,24,95.8,1,6,1,1,40,40,42,48,14,138,13,151,21,18,14,14,1,,,,http://www.pucrs.br/politecnica/programa-de-pos-graduacao-em-ciencia-da-computacao/,168869,102745,AVALIAÇÃO
286,2020,42005019016P8,CIÊNCIA DA COMPUTAÇÃO,CIÊNCIA DA COMPUTAÇÃO,PUC/RS,PONTIFÍCIA UNIVERSIDADE CATÓLICA DO RIO GRANDE DO SUL,,PARTICULAR,RS,SUL,1994,ACADÊMICO,NÃO,6,MESTRADO/DOUTORADO,1994/2004,,NÃO,,,,,,23,1,0,24,95.8,1,6,0,0,36,36,36,44,15,134,28,162,28,9,10,7,0,PRÊMIO CAPES DE TESE | CONCURSO DE DISSERTAÇÕES E TESES SOBRE DEFESA NACIONAL,,GUSTAVO FREITAS SANCHEZ | RODOLFO MIGON FAVARETTO,http://www.pucrs.br/politecnica/programa-de-pos-graduacao-em-ciencia-da-computacao/,203013,134572,AVALIAÇÃO
287,2017,42007011006P5,COMPUTAÇÃO APLICADA,CIÊNCIA DA COMPUTAÇÃO,UNISINOS,UNIVERSIDADE DO VALE DO RIO DOS SINOS,,PARTICULAR,RS,SUL,2000,ACADÊMICO,NÃO,4,MESTRADO/DOUTORADO,2000/2015,SIM,NÃO,,,,,,15,1,0,16,93.8,1,7,7,1,12,19,20,25,18,25,10,38,31,0,16,0,0,,,,http://www.unisinos.br/ppg/computacao/,161096,95663,AVALIAÇÃO
288,2018,42007011006P5,COMPUTAÇÃO APLICADA,CIÊNCIA DA COMPUTAÇÃO,UNISINOS,UNIVERSIDADE DO VALE DO RIO DOS SINOS,,PARTICULAR,RS,SUL,2000,ACADÊMICO,NÃO,4,MESTRADO/DOUTORADO,2000/2015,SIM,NÃO,,,,,,12,1,0,13,92.3,1,5,0,0,16,16,16,22,17,22,14,42,20,0,7,0,0,,,,http://www.unisinos.br/ppg/computacao/,161098,95665,AVALIAÇÃO
289,2019,42007011006P5,COMPUTAÇÃO APLICADA,CIÊNCIA DA COMPUTAÇÃO,UNISINOS,UNIVERSIDADE DO VALE DO RIO DOS SINOS,,PARTICULAR,RS,SUL,2000,ACADÊMICO,NÃO,4,MESTRADO/DOUTORADO,2000/2015,SIM,NÃO,,,,,,14,0,0,14,100.0,1,4,0,0,17,17,17,32,29,33,12,50,24,5,15,2,1,,,,http://www.unisinos.br/ppg/computacao/,162889,97010,AVALIAÇÃO
290,2020,42007011006P5,COMPUTAÇÃO APLICADA,CIÊNCIA DA COMPUTAÇÃO,UNISINOS,UNIVERSIDADE DO VALE DO RIO DOS SINOS,,PARTICULAR,RS,SUL,2000,ACADÊMICO,NÃO,4,MESTRADO/DOUTORADO,2000/2015,SIM,NÃO,,,,,,12,0,0,12,100.0,1,4,13,13,15,41,41,31,31,32,10,42,23,7,11,0,0,,,,http://www.unisinos.br/ppg/computacao/,203199,134751,AVALIAÇÃO
291,2017,42009014011P1,COMPUTAÇÃO APLICADA,CIÊNCIA DA COMPUTAÇÃO,FUPF,FUNDAÇÃO UNIVERSIDADE DE PASSO FUNDO,,PARTICULAR,RS,SUL,2014,PROFISSIONAL,NÃO,3,MESTRADO PROFISSIONAL,2014,,NÃO,,,,,,11,3,0,14,78.6,1,2,26,0,0,24,26,7,17,19,3,22,22,0,2,0,0,,,,http://www.upf.br/,166399,100419,AVALIAÇÃO
292,2018,42009014011P1,COMPUTAÇÃO APLICADA,CIÊNCIA DA COMPUTAÇÃO,FUPF,FUNDAÇÃO UNIVERSIDADE DE PASSO FUNDO,,PARTICULAR,RS,SUL,2014,PROFISSIONAL,NÃO,3,MESTRADO PROFISSIONAL,2014,,NÃO,,,,,,10,4,0,14,71.4,1,2,34,0,0,34,34,10,16,18,4,22,17,0,0,0,0,,,,http://www.upf.br/,166413,100432,AVALIAÇÃO
293,2019,42009014011P1,COMPUTAÇÃO APLICADA,CIÊNCIA DA COMPUTAÇÃO,FUPF,FUNDAÇÃO UNIVERSIDADE DE PASSO FUNDO,,PARTICULAR,RS,SUL,2014,PROFISSIONAL,NÃO,3,MESTRADO PROFISSIONAL,2014,,NÃO,,,,,,11,3,0,14,78.6,1,2,25,0,0,22,25,6,11,13,5,18,13,0,0,0,0,,,,http://www.upf.br/,166417,100436,AVALIAÇÃO
294,2020,42009014011P1,COMPUTAÇÃO APLICADA,CIÊNCIA DA COMPUTAÇÃO,FUPF,FUNDAÇÃO UNIVERSIDADE DE PASSO FUNDO,,PARTICULAR,RS,SUL,2014,PROFISSIONAL,NÃO,3,MESTRADO PROFISSIONAL,2014,,NÃO,,,,,,10,3,0,13,76.9,1,2,19,0,0,17,19,6,10,10,5,15,14,0,0,0,0,,,,http://www.upf.br/,196411,128863,AVALIAÇÃO
295,2019,42046017016P1,ENGENHARIA DE SOFTWARE,ENGENHARIA DE SOFTWARE,UNIPAMPA,FUNDAÇÃO UNIVERSIDADE FEDERAL DO PAMPA,,FEDERAL,RS,SUL,2019,PROFISSIONAL,NÃO,A,MESTRADO PROFISSIONAL,2019,,NÃO,,,,,,10,0,0,10,100.0,2,2,10,0,0,10,10,0,11,12,0,12,0,0,0,0,0,,,,http://cursos.unipampa.edu.br/cursos/ppges/,159497,94346,AVALIAÇÃO
296,2020,42046017016P1,ENGENHARIA DE SOFTWARE,ENGENHARIA DE SOFTWARE,UNIPAMPA,FUNDAÇÃO UNIVERSIDADE FEDERAL DO PAMPA,,FEDERAL,RS,SUL,2019,PROFISSIONAL,NÃO,A,MESTRADO PROFISSIONAL,2019,,NÃO,,,,,,10,0,0,10,100.0,2,2,10,0,0,10,10,0,13,14,0,14,1,0,1,0,0,,,,http://cursos.unipampa.edu.br/cursos/ppges/,198795,131078,AVALIAÇÃO
297,2017,51001012012P2,CIÊNCIA DA COMPUTAÇÃO,CIÊNCIA DA COMPUTAÇÃO,UFMS,FUNDAÇÃO UNIVERSIDADE FEDERAL DE MATO GROSSO DO SUL,,FEDERAL,MS,CENTRO-OESTE,1999,ACADÊMICO,NÃO,4,MESTRADO/DOUTORADO,1999/2019,,NÃO,,,,,,21,6,0,27,77.8,1,5,5,0,0,5,5,30,4,43,7,50,14,0,6,0,0,,,,http://www.facom.ufms.br/mestrado,134231,70499,AVALIAÇÃO
298,2018,51001012012P2,CIÊNCIA DA COMPUTAÇÃO,CIÊNCIA DA COMPUTAÇÃO,UFMS,FUNDAÇÃO UNIVERSIDADE FEDERAL DE MATO GROSSO DO SUL,,FEDERAL,MS,CENTRO-OESTE,1999,ACADÊMICO,NÃO,4,MESTRADO/DOUTORADO,1999/2019,,NÃO,,,,,,22,4,0,26,84.6,1,5,14,0,0,12,14,19,3,32,0,32,10,0,3,0,0,,,,http://www.facom.ufms.br/mestrado,139639,75180,AVALIAÇÃO
299,2019,51001012012P2,CIÊNCIA DA COMPUTAÇÃO,CIÊNCIA DA COMPUTAÇÃO,UFMS,FUNDAÇÃO UNIVERSIDADE FEDERAL DE MATO GROSSO DO SUL,,FEDERAL,MS,CENTRO-OESTE,1999,ACADÊMICO,NÃO,4,MESTRADO/DOUTORADO,1999/2019,,NÃO,,,,,,18,8,0,26,69.2,1,3,10,7,0,17,17,14,1,25,3,28,15,1,12,0,0,,,,http://www.facom.ufms.br/mestrado,158940,93907,AVALIAÇÃO
300,2020,51001012012P2,CIÊNCIA DA COMPUTAÇÃO,CIÊNCIA DA COMPUTAÇÃO,UFMS,FUNDAÇÃO UNIVERSIDADE FEDERAL DE MATO GROSSO DO SUL,,FEDERAL,MS,CENTRO-OESTE,1999,ACADÊMICO,NÃO,4,MESTRADO/DOUTORADO,1999/2019,,NÃO,,,,,,18,6,0,24,75.0,1,3,12,9,0,18,21,18,0,41,5,46,4,1,3,0,0,,,,http://www.facom.ufms.br/mestrado,202082,133764,AVALIAÇÃO
301,2017,51001012028P6,CIÊNCIA DA COMPUTAÇÃO - UFMS - UFG,CIÊNCIA DA COMPUTAÇÃO,UFMS,FUNDAÇÃO UNIVERSIDADE FEDERAL DE MATO GROSSO DO SUL,UFG,FEDERAL,MS,CENTRO-OESTE,2010,ACADÊMICO,NÃO,4,DOUTORADO,2010,,NÃO,,,,,,20,1,2,23,87.0,1,3,0,15,0,11,15,10,0,25,0,25,0,2,0,0,0,,,,http://www.facom.ufms.br/doutorado |  http://www.inf.ufg.br/doutorado,132941,69366,AVALIAÇÃO
302,2018,51001012028P6,CIÊNCIA DA COMPUTAÇÃO - UFMS - UFG,CIÊNCIA DA COMPUTAÇÃO,UFMS,FUNDAÇÃO UNIVERSIDADE FEDERAL DE MATO GROSSO DO SUL,UFG,FEDERAL,MS,CENTRO-OESTE,2010,ACADÊMICO,NÃO,4,DOUTORADO,2010,,NÃO,,,,,,22,1,2,25,88.0,1,3,0,26,0,15,26,10,0,25,0,25,0,8,0,2,0,,,,http://www.facom.ufms.br/doutorado |  http://www.inf.ufg.br/doutorado,136825,72771,AVALIAÇÃO
303,2019,51001012028P6,CIÊNCIA DA COMPUTAÇÃO - UFMS - UFG,CIÊNCIA DA COMPUTAÇÃO,UFMS,FUNDAÇÃO UNIVERSIDADE FEDERAL DE MATO GROSSO DO SUL,UFG,FEDERAL,MS,CENTRO-OESTE,2010,ACADÊMICO,NÃO,4,DOUTORADO,2010,,NÃO,,,,,,22,1,1,24,91.7,1,3,0,2,0,2,2,10,0,25,0,25,0,11,0,2,0,,,,http://www.facom.ufms.br/doutorado |  http://www.inf.ufg.br/doutorado,145862,82708,AVALIAÇÃO
304,2020,51001012028P6,CIÊNCIA DA COMPUTAÇÃO - UFMS - UFG,CIÊNCIA DA COMPUTAÇÃO,UFMS,FUNDAÇÃO UNIVERSIDADE FEDERAL DE MATO GROSSO DO SUL,UFG,FEDERAL,MS,CENTRO-OESTE,2010,ACADÊMICO,NÃO,4,DOUTORADO,2010,,NÃO,,,,,,22,0,1,23,95.7,1,3,0,1,0,1,1,10,0,25,0,25,0,5,0,0,0,,,,http://www.facom.ufms.br/doutorado |  http://www.inf.ufg.br/doutorado,202161,133842,AVALIAÇÃO
305,2017,51001012038P1,COMPUTAÇÃO APLICADA,CIÊNCIA DA COMPUTAÇÃO,UFMS,FUNDAÇÃO UNIVERSIDADE FEDERAL DE MATO GROSSO DO SUL,,FEDERAL,MS,CENTRO-OESTE,2013,PROFISSIONAL,NÃO,3,MESTRADO PROFISSIONAL,2013,,NÃO,,,,,,18,7,0,25,72.0,1,3,4,0,0,1,4,13,2,32,8,40,10,0,0,0,0,,,,http://www.facom.ufms.br/mestradoprofissional,164438,98312,AVALIAÇÃO
306,2018,51001012038P1,COMPUTAÇÃO APLICADA,CIÊNCIA DA COMPUTAÇÃO,UFMS,FUNDAÇÃO UNIVERSIDADE FEDERAL DE MATO GROSSO DO SUL,,FEDERAL,MS,CENTRO-OESTE,2013,PROFISSIONAL,NÃO,3,MESTRADO PROFISSIONAL,2013,,NÃO,,,,,,17,7,0,24,70.8,1,3,11,0,0,5,11,15,1,37,7,44,8,0,0,0,0,,,,http://www.facom.ufms.br/mestradoprofissional,164484,98330,AVALIAÇÃO
307,2019,51001012038P1,COMPUTAÇÃO APLICADA,CIÊNCIA DA COMPUTAÇÃO,UFMS,FUNDAÇÃO UNIVERSIDADE FEDERAL DE MATO GROSSO DO SUL,,FEDERAL,MS,CENTRO-OESTE,2013,PROFISSIONAL,NÃO,3,MESTRADO PROFISSIONAL,2013,,NÃO,,,,,,14,7,0,21,66.7,1,3,9,0,0,5,9,16,2,37,4,41,9,0,0,0,0,,,,http://www.facom.ufms.br/mestradoprofissional,164535,98397,AVALIAÇÃO
308,2020,51001012038P1,COMPUTAÇÃO APLICADA,CIÊNCIA DA COMPUTAÇÃO,UFMS,FUNDAÇÃO UNIVERSIDADE FEDERAL DE MATO GROSSO DO SUL,,FEDERAL,MS,CENTRO-OESTE,2013,PROFISSIONAL,NÃO,3,MESTRADO PROFISSIONAL,2013,,NÃO,,,,,,13,7,0,20,65.0,3,8,12,0,0,8,12,14,2,36,3,39,6,0,0,0,0,,,,http://www.facom.ufms.br/mestradoprofissional,200226,132330,AVALIAÇÃO
309,2017,52001016027P2,CIÊNCIA DA COMPUTAÇÃO,CIÊNCIA DA COMPUTAÇÃO,UFG,UNIVERSIDADE FEDERAL DE GOIÁS,,FEDERAL,GO,CENTRO-OESTE,2004,ACADÊMICO,NÃO,4,MESTRADO/DOUTORADO,2004/2019,,NÃO,,,,,,31,2,1,34,91.2,1,6,24,0,0,23,24,11,6,80,9,89,32,0,14,0,0,,,,http://www.inf.ufg.br/mestrado,164528,98390,AVALIAÇÃO
310,2018,52001016027P2,CIÊNCIA DA COMPUTAÇÃO,CIÊNCIA DA COMPUTAÇÃO,UFG,UNIVERSIDADE FEDERAL DE GOIÁS,,FEDERAL,GO,CENTRO-OESTE,2004,ACADÊMICO,NÃO,4,MESTRADO/DOUTORADO,2004/2019,,NÃO,,,,,,32,3,1,36,88.9,1,7,29,0,0,28,29,17,8,82,18,100,25,0,16,0,0,,,,http://www.inf.ufg.br/mestrado,165746,99757,AVALIAÇÃO
311,2019,52001016027P2,CIÊNCIA DA COMPUTAÇÃO,CIÊNCIA DA COMPUTAÇÃO,UFG,UNIVERSIDADE FEDERAL DE GOIÁS,,FEDERAL,GO,CENTRO-OESTE,2004,ACADÊMICO,NÃO,4,MESTRADO/DOUTORADO,2004/2019,,NÃO,,,,,,32,3,1,36,88.9,1,7,8,3,23,33,34,23,53,96,10,106,19,0,11,0,0,,,,http://www.inf.ufg.br/mestrado,166651,100669,AVALIAÇÃO
312,2020,52001016027P2,CIÊNCIA DA COMPUTAÇÃO,CIÊNCIA DA COMPUTAÇÃO,UFG,UNIVERSIDADE FEDERAL DE GOIÁS,,FEDERAL,GO,CENTRO-OESTE,2004,ACADÊMICO,NÃO,4,MESTRADO/DOUTORADO,2004/2019,,NÃO,,,,,,32,3,1,36,88.9,1,4,4,6,25,30,35,26,75,110,8,118,26,0,5,0,0,,,,http://www.inf.ufg.br/mestrado,203840,135345,AVALIAÇÃO
313,2017,53001010054P6,INFORMÁTICA,CIÊNCIA DA COMPUTAÇÃO,UNB,UNIVERSIDADE DE BRASÍLIA,,FEDERAL,DF,CENTRO-OESTE,1989,ACADÊMICO,NÃO,5,MESTRADO/DOUTORADO,1989/2010,,NÃO,,,,,,24,0,0,24,100.0,1,2,3,0,57,60,60,24,12,31,10,41,14,7,6,3,0,,,,http://ppgi.unb.br,130882,67686,AVALIAÇÃO
314,2018,53001010054P6,INFORMÁTICA,CIÊNCIA DA COMPUTAÇÃO,UNB,UNIVERSIDADE DE BRASÍLIA,,FEDERAL,DF,CENTRO-OESTE,1989,ACADÊMICO,NÃO,5,MESTRADO/DOUTORADO,1989/2010,,NÃO,,,,,,26,0,0,26,100.0,1,2,0,0,24,24,24,30,5,35,8,43,21,1,7,0,0,,,,http://ppgi.unb.br,137352,73305,AVALIAÇÃO
315,2019,53001010054P6,INFORMÁTICA,CIÊNCIA DA COMPUTAÇÃO,UNB,UNIVERSIDADE DE BRASÍLIA,,FEDERAL,DF,CENTRO-OESTE,1989,ACADÊMICO,NÃO,5,MESTRADO/DOUTORADO,1989/2010,,NÃO,,,,,,25,1,0,26,96.2,1,2,0,0,49,49,49,41,33,51,7,58,18,6,6,0,0,,,,http://ppgi.unb.br,164763,98849,AVALIAÇÃO
316,2020,53001010054P6,INFORMÁTICA,CIÊNCIA DA COMPUTAÇÃO,UNB,UNIVERSIDADE DE BRASÍLIA,,FEDERAL,DF,CENTRO-OESTE,1989,ACADÊMICO,NÃO,5,MESTRADO/DOUTORADO,1989/2010,,NÃO,,,,,,30,1,0,31,96.8,1,2,0,0,30,30,30,52,34,66,6,72,15,1,3,0,0,,,,http://ppgi.unb.br,203881,135386,AVALIAÇÃO
317,2017,53001010098P3,COMPUTAÇÃO APLICADA,CIÊNCIA DA COMPUTAÇÃO,UNB,UNIVERSIDADE DE BRASÍLIA,,FEDERAL,DF,CENTRO-OESTE,2012,PROFISSIONAL,NÃO,3,MESTRADO PROFISSIONAL,2012,,NÃO,,,,,,21,5,0,26,80.8,1,4,46,0,0,40,46,11,6,17,8,25,22,0,0,0,0,,,,http://ppca.unb.br,170183,103967,AVALIAÇÃO
318,2018,53001010098P3,COMPUTAÇÃO APLICADA,CIÊNCIA DA COMPUTAÇÃO,UNB,UNIVERSIDADE DE BRASÍLIA,,FEDERAL,DF,CENTRO-OESTE,2012,PROFISSIONAL,NÃO,3,MESTRADO PROFISSIONAL,2012,,NÃO,,,,,,23,5,0,28,82.1,1,4,45,0,0,41,45,11,7,14,10,24,29,0,1,0,0,,,,http://ppca.unb.br,171016,104762,AVALIAÇÃO
319,2019,53001010098P3,COMPUTAÇÃO APLICADA,CIÊNCIA DA COMPUTAÇÃO,UNB,UNIVERSIDADE DE BRASÍLIA,,FEDERAL,DF,CENTRO-OESTE,2012,PROFISSIONAL,NÃO,3,MESTRADO PROFISSIONAL,2012,,NÃO,,,,,,21,9,0,30,70.0,1,4,42,0,0,37,42,14,7,15,16,31,28,0,0,0,0,,,,http://ppca.unb.br,176761,109507,AVALIAÇÃO
320,2020,53001010098P3,COMPUTAÇÃO APLICADA,CIÊNCIA DA COMPUTAÇÃO,UNB,UNIVERSIDADE DE BRASÍLIA,,FEDERAL,DF,CENTRO-OESTE,2012,PROFISSIONAL,NÃO,3,MESTRADO PROFISSIONAL,2012,,NÃO,,,,,,24,6,0,30,80.0,1,4,39,0,0,35,39,17,5,19,12,31,18,0,0,0,0,,,,http://ppca.unb.br,204614,135951,AVALIAÇÃO
